This is pdfTeX, Version 3.141592653-2.6-1.40.28 (TeX Live 2025) (preloaded format=pdflatex 2025.6.15)  7 FEB 2026 14:28
entering extended mode
 \write18 enabled.
 %&-line parsing enabled.
**main.tex
(./main.tex
LaTeX2e <2025-06-01> patch level 1
L3 programming layer <2025-05-26>
(/Users/tim/Library/TinyTeX/texmf-dist/tex/latex/base/book.cls
Document Class: book 2025/01/22 v1.4n Standard LaTeX document class
(/Users/tim/Library/TinyTeX/texmf-dist/tex/latex/base/fleqn.clo
File: fleqn.clo 2016/12/29 v1.2b Standard LaTeX option (flush left equations)
\mathindent=\skip49
Applying: [2015/01/01] Make \[ robust on input line 50.
LaTeX Info: Redefining \[ on input line 51.
Already applied: [0000/00/00] Make \[ robust on input line 62.
Applying: [2015/01/01] Make \] robust on input line 74.
LaTeX Info: Redefining \] on input line 75.
Already applied: [0000/00/00] Make \] robust on input line 83.
) (/Users/tim/Library/TinyTeX/texmf-dist/tex/latex/base/bk10.clo
File: bk10.clo 2025/01/22 v1.4n Standard LaTeX file (size option)
)
\c@part=\count275
\c@chapter=\count276
\c@section=\count277
\c@subsection=\count278
\c@subsubsection=\count279
\c@paragraph=\count280
\c@subparagraph=\count281
\c@figure=\count282
\c@table=\count283
\abovecaptionskip=\skip50
\belowcaptionskip=\skip51
\bibindent=\dimen148
) (/Users/tim/Library/TinyTeX/texmf-dist/tex/latex/geometry/geometry.sty
Package: geometry 2020/01/02 v5.9 Page Geometry
 (/Users/tim/Library/TinyTeX/texmf-dist/tex/latex/graphics/keyval.sty
Package: keyval 2022/05/29 v1.15 key=value parser (DPC)
\KV@toks@=\toks17
) (/Users/tim/Library/TinyTeX/texmf-dist/tex/generic/iftex/ifvtex.sty
Package: ifvtex 2019/10/25 v1.7 ifvtex legacy package. Use iftex instead.
 (/Users/tim/Library/TinyTeX/texmf-dist/tex/generic/iftex/iftex.sty
Package: iftex 2024/12/12 v1.0g TeX engine tests
))
\Gm@cnth=\count284
\Gm@cntv=\count285
\c@Gm@tempcnt=\count286
\Gm@bindingoffset=\dimen149
\Gm@wd@mp=\dimen150
\Gm@odd@mp=\dimen151
\Gm@even@mp=\dimen152
\Gm@layoutwidth=\dimen153
\Gm@layoutheight=\dimen154
\Gm@layouthoffset=\dimen155
\Gm@layoutvoffset=\dimen156
\Gm@dimlist=\toks18
) (/Users/tim/Library/TinyTeX/texmf-dist/tex/latex/base/ifthen.sty
Package: ifthen 2024/03/16 v1.1e Standard LaTeX ifthen package (DPC)
) (./preamble.tex (/Users/tim/Library/TinyTeX/texmf-dist/tex/latex/base/fontenc.sty
Package: fontenc 2024/12/21 v2.1c Standard LaTeX package
) (/Users/tim/Library/TinyTeX/texmf-dist/tex/latex/base/inputenc.sty
Package: inputenc 2024/02/08 v1.3d Input encoding file
\inpenc@prehook=\toks19
\inpenc@posthook=\toks20
) (/Users/tim/Library/TinyTeX/texmf-dist/tex/latex/microtype/microtype.sty
Package: microtype 2025/02/11 v3.2a Micro-typographical refinements (RS)
 (/Users/tim/Library/TinyTeX/texmf-dist/tex/latex/etoolbox/etoolbox.sty
Package: etoolbox 2025/02/11 v2.5l e-TeX tools for LaTeX (JAW)
\etb@tempcnta=\count287
)
\MT@toks=\toks21
\MT@tempbox=\box53
\MT@count=\count288
LaTeX Info: Redefining \noprotrusionifhmode on input line 1087.
LaTeX Info: Redefining \leftprotrusion on input line 1088.
\MT@prot@toks=\toks22
LaTeX Info: Redefining \rightprotrusion on input line 1107.
LaTeX Info: Redefining \textls on input line 1449.
\MT@outer@kern=\dimen157
LaTeX Info: Redefining \microtypecontext on input line 2053.
LaTeX Info: Redefining \textmicrotypecontext on input line 2070.
\MT@listname@count=\count289
 (/Users/tim/Library/TinyTeX/texmf-dist/tex/latex/microtype/microtype-pdftex.def
File: microtype-pdftex.def 2025/02/11 v3.2a Definitions specific to pdftex (RS)
LaTeX Info: Redefining \lsstyle on input line 944.
LaTeX Info: Redefining \lslig on input line 944.
\MT@outer@space=\skip52
)
Package microtype Info: Loading configuration file microtype.cfg.
 (/Users/tim/Library/TinyTeX/texmf-dist/tex/latex/microtype/microtype.cfg
File: microtype.cfg 2025/02/11 v3.2a microtype main configuration file (RS)
)
LaTeX Info: Redefining \microtypesetup on input line 3065.
) (/Users/tim/Library/TinyTeX/texmf-dist/tex/latex/amsmath/amsmath.sty
Package: amsmath 2025/05/18 v2.17x AMS math features
\@mathmargin=\skip53

For additional information on amsmath, use the `?' option.
(/Users/tim/Library/TinyTeX/texmf-dist/tex/latex/amsmath/amstext.sty
Package: amstext 2024/11/17 v2.01 AMS text
 (/Users/tim/Library/TinyTeX/texmf-dist/tex/latex/amsmath/amsgen.sty
File: amsgen.sty 1999/11/30 v2.0 generic functions
\@emptytoks=\toks23
\ex@=\dimen158
)) (/Users/tim/Library/TinyTeX/texmf-dist/tex/latex/amsmath/amsbsy.sty
Package: amsbsy 1999/11/29 v1.2d Bold Symbols
\pmbraise@=\dimen159
) (/Users/tim/Library/TinyTeX/texmf-dist/tex/latex/amsmath/amsopn.sty
Package: amsopn 2022/04/08 v2.04 operator names
)
\inf@bad=\count290
LaTeX Info: Redefining \frac on input line 233.
\uproot@=\count291
\leftroot@=\count292
LaTeX Info: Redefining \overline on input line 398.
LaTeX Info: Redefining \colon on input line 409.
\classnum@=\count293
\DOTSCASE@=\count294
LaTeX Info: Redefining \ldots on input line 495.
LaTeX Info: Redefining \dots on input line 498.
LaTeX Info: Redefining \cdots on input line 619.
\Mathstrutbox@=\box54
\strutbox@=\box55
LaTeX Info: Redefining \big on input line 721.
LaTeX Info: Redefining \Big on input line 722.
LaTeX Info: Redefining \bigg on input line 723.
LaTeX Info: Redefining \Bigg on input line 724.
\big@size=\dimen160
LaTeX Font Info:    Redeclaring font encoding OML on input line 742.
LaTeX Font Info:    Redeclaring font encoding OMS on input line 743.
\macc@depth=\count295
LaTeX Info: Redefining \bmod on input line 904.
LaTeX Info: Redefining \pmod on input line 909.
LaTeX Info: Redefining \smash on input line 939.
LaTeX Info: Redefining \relbar on input line 969.
LaTeX Info: Redefining \Relbar on input line 970.
\c@MaxMatrixCols=\count296
\dotsspace@=\muskip17
\c@parentequation=\count297
\dspbrk@lvl=\count298
\tag@help=\toks24
\row@=\count299
\column@=\count300
\maxfields@=\count301
\andhelp@=\toks25
\eqnshift@=\dimen161
\alignsep@=\dimen162
\tagshift@=\dimen163
\tagwidth@=\dimen164
\totwidth@=\dimen165
\lineht@=\dimen166
\@envbody=\toks26
\multlinegap=\skip54
\multlinetaggap=\skip55
\mathdisplay@stack=\toks27
LaTeX Info: Redefining \[ on input line 2949.
LaTeX Info: Redefining \] on input line 2950.
) (/Users/tim/Library/TinyTeX/texmf-dist/tex/latex/amsfonts/amssymb.sty
Package: amssymb 2013/01/14 v3.01 AMS font symbols
 (/Users/tim/Library/TinyTeX/texmf-dist/tex/latex/amsfonts/amsfonts.sty
Package: amsfonts 2013/01/14 v3.01 Basic AMSFonts support
\symAMSa=\mathgroup4
\symAMSb=\mathgroup5
LaTeX Font Info:    Redeclaring math symbol \hbar on input line 98.
LaTeX Font Info:    Overwriting math alphabet `\mathfrak' in version `bold'
(Font)                  U/euf/m/n --> U/euf/b/n on input line 106.
)) (/Users/tim/Library/TinyTeX/texmf-dist/tex/latex/amscls/amsthm.sty
Package: amsthm 2020/05/29 v2.20.6
\thm@style=\toks28
\thm@bodyfont=\toks29
\thm@headfont=\toks30
\thm@notefont=\toks31
\thm@headpunct=\toks32
\thm@preskip=\skip56
\thm@postskip=\skip57
\thm@headsep=\skip58
\dth@everypar=\toks33
) (/Users/tim/Library/TinyTeX/texmf-dist/tex/latex/mathtools/mathtools.sty
Package: mathtools 2024/10/04 v1.31 mathematical typesetting tools
 (/Users/tim/Library/TinyTeX/texmf-dist/tex/latex/tools/calc.sty
Package: calc 2025/03/01 v4.3b Infix arithmetic (KKT,FJ)
\calc@Acount=\count302
\calc@Bcount=\count303
\calc@Adimen=\dimen167
\calc@Bdimen=\dimen168
\calc@Askip=\skip59
\calc@Bskip=\skip60
LaTeX Info: Redefining \setlength on input line 86.
LaTeX Info: Redefining \addtolength on input line 87.
\calc@Ccount=\count304
\calc@Cskip=\skip61
) (/Users/tim/Library/TinyTeX/texmf-dist/tex/latex/mathtools/mhsetup.sty
Package: mhsetup 2021/03/18 v1.4 programming setup (MH)
)
\g_MT_multlinerow_int=\count305
\l_MT_multwidth_dim=\dimen169
\origjot=\skip62
\l_MT_shortvdotswithinadjustabove_dim=\dimen170
\l_MT_shortvdotswithinadjustbelow_dim=\dimen171
\l_MT_above_intertext_sep=\dimen172
\l_MT_below_intertext_sep=\dimen173
\l_MT_above_shortintertext_sep=\dimen174
\l_MT_below_shortintertext_sep=\dimen175
\xmathstrut@box=\box56
\xmathstrut@dim=\dimen176
) (/Users/tim/Library/TinyTeX/texmf-dist/tex/latex/amsmath/amscd.sty
Package: amscd 2017/04/14 v2.1 AMS Commutative Diagrams
\athelp@=\toks34
\minaw@=\dimen177
\bigaw@=\dimen178
\minCDarrowwidth=\dimen179
) (/Users/tim/Library/TinyTeX/texmf-dist/tex/latex/mathalpha/mathalfa.sty) (/Users/tim/Library/TinyTeX/texmf-dist/tex/latex/mathalpha/mathalpha.sty
Package: mathalpha 2025/01/17 - 1.145mathalpha (License LPPL) Michael Sharpe
 `mathalpha' v1.145, 2025/01/17, a renaming of mathalfa (msharpe) (/Users/tim/Library/TinyTeX/texmf-dist/tex/latex/xkeyval/xkeyval.sty
Package: xkeyval 2022/06/16 v2.9 package option processing (HA)
 (/Users/tim/Library/TinyTeX/texmf-dist/tex/generic/xkeyval/xkeyval.tex (/Users/tim/Library/TinyTeX/texmf-dist/tex/generic/xkeyval/xkvutils.tex
\XKV@toks=\toks35
\XKV@tempa@toks=\toks36
)
\XKV@depth=\count306
File: xkeyval.tex 2014/12/03 v2.7a key=value parser (HA)
))
LaTeX Font Info:    Redeclaring math alphabet \mathcal on input line 561.
) (/Users/tim/Library/TinyTeX/texmf-dist/tex/latex/pgf/frontendlayer/tikz.sty (/Users/tim/Library/TinyTeX/texmf-dist/tex/latex/pgf/basiclayer/pgf.sty (/Users/tim/Library/TinyTeX/texmf-dist/tex/latex/pgf/utilities/pgfrcs.sty (/Users/tim/Library/TinyTeX/texmf-dist/tex/generic/pgf/utilities/pgfutil-common.tex
\pgfutil@everybye=\toks37
\pgfutil@tempdima=\dimen180
\pgfutil@tempdimb=\dimen181
) (/Users/tim/Library/TinyTeX/texmf-dist/tex/generic/pgf/utilities/pgfutil-latex.def
\pgfutil@abb=\box57
) (/Users/tim/Library/TinyTeX/texmf-dist/tex/generic/pgf/utilities/pgfrcs.code.tex (/Users/tim/Library/TinyTeX/texmf-dist/tex/generic/pgf/pgf.revision.tex)
Package: pgfrcs 2023-01-15 v3.1.10 (3.1.10)
))
Package: pgf 2023-01-15 v3.1.10 (3.1.10)
 (/Users/tim/Library/TinyTeX/texmf-dist/tex/latex/pgf/basiclayer/pgfcore.sty (/Users/tim/Library/TinyTeX/texmf-dist/tex/latex/graphics/graphicx.sty
Package: graphicx 2024/12/31 v1.2e Enhanced LaTeX Graphics (DPC,SPQR)
 (/Users/tim/Library/TinyTeX/texmf-dist/tex/latex/graphics/graphics.sty
Package: graphics 2024/08/06 v1.4g Standard LaTeX Graphics (DPC,SPQR)
 (/Users/tim/Library/TinyTeX/texmf-dist/tex/latex/graphics/trig.sty
Package: trig 2023/12/02 v1.11 sin cos tan (DPC)
) (/Users/tim/Library/TinyTeX/texmf-dist/tex/latex/graphics-cfg/graphics.cfg
File: graphics.cfg 2016/06/04 v1.11 sample graphics configuration
)
Package graphics Info: Driver file: pdftex.def on input line 106.
 (/Users/tim/Library/TinyTeX/texmf-dist/tex/latex/graphics-def/pdftex.def
File: pdftex.def 2024/04/13 v1.2c Graphics/color driver for pdftex
))
\Gin@req@height=\dimen182
\Gin@req@width=\dimen183
) (/Users/tim/Library/TinyTeX/texmf-dist/tex/latex/pgf/systemlayer/pgfsys.sty (/Users/tim/Library/TinyTeX/texmf-dist/tex/generic/pgf/systemlayer/pgfsys.code.tex
Package: pgfsys 2023-01-15 v3.1.10 (3.1.10)
 (/Users/tim/Library/TinyTeX/texmf-dist/tex/generic/pgf/utilities/pgfkeys.code.tex
\pgfkeys@pathtoks=\toks38
\pgfkeys@temptoks=\toks39
 (/Users/tim/Library/TinyTeX/texmf-dist/tex/generic/pgf/utilities/pgfkeyslibraryfiltered.code.tex
\pgfkeys@tmptoks=\toks40
))
\pgf@x=\dimen184
\pgf@y=\dimen185
\pgf@xa=\dimen186
\pgf@ya=\dimen187
\pgf@xb=\dimen188
\pgf@yb=\dimen189
\pgf@xc=\dimen190
\pgf@yc=\dimen191
\pgf@xd=\dimen192
\pgf@yd=\dimen193
\w@pgf@writea=\write3
\r@pgf@reada=\read2
\c@pgf@counta=\count307
\c@pgf@countb=\count308
\c@pgf@countc=\count309
\c@pgf@countd=\count310
\t@pgf@toka=\toks41
\t@pgf@tokb=\toks42
\t@pgf@tokc=\toks43
\pgf@sys@id@count=\count311
 (/Users/tim/Library/TinyTeX/texmf-dist/tex/generic/pgf/systemlayer/pgf.cfg
File: pgf.cfg 2023-01-15 v3.1.10 (3.1.10)
)
Driver file for pgf: pgfsys-pdftex.def
 (/Users/tim/Library/TinyTeX/texmf-dist/tex/generic/pgf/systemlayer/pgfsys-pdftex.def
File: pgfsys-pdftex.def 2023-01-15 v3.1.10 (3.1.10)
 (/Users/tim/Library/TinyTeX/texmf-dist/tex/generic/pgf/systemlayer/pgfsys-common-pdf.def
File: pgfsys-common-pdf.def 2023-01-15 v3.1.10 (3.1.10)
))) (/Users/tim/Library/TinyTeX/texmf-dist/tex/generic/pgf/systemlayer/pgfsyssoftpath.code.tex
File: pgfsyssoftpath.code.tex 2023-01-15 v3.1.10 (3.1.10)
\pgfsyssoftpath@smallbuffer@items=\count312
\pgfsyssoftpath@bigbuffer@items=\count313
) (/Users/tim/Library/TinyTeX/texmf-dist/tex/generic/pgf/systemlayer/pgfsysprotocol.code.tex
File: pgfsysprotocol.code.tex 2023-01-15 v3.1.10 (3.1.10)
)) (/Users/tim/Library/TinyTeX/texmf-dist/tex/latex/xcolor/xcolor.sty
Package: xcolor 2024/09/29 v3.02 LaTeX color extensions (UK)
 (/Users/tim/Library/TinyTeX/texmf-dist/tex/latex/graphics-cfg/color.cfg
File: color.cfg 2016/01/02 v1.6 sample color configuration
)
Package xcolor Info: Driver file: pdftex.def on input line 274.
 (/Users/tim/Library/TinyTeX/texmf-dist/tex/latex/graphics/mathcolor.ltx)
Package xcolor Info: Model `cmy' substituted by `cmy0' on input line 1349.
Package xcolor Info: Model `hsb' substituted by `rgb' on input line 1353.
Package xcolor Info: Model `RGB' extended on input line 1365.
Package xcolor Info: Model `HTML' substituted by `rgb' on input line 1367.
Package xcolor Info: Model `Hsb' substituted by `hsb' on input line 1368.
Package xcolor Info: Model `tHsb' substituted by `hsb' on input line 1369.
Package xcolor Info: Model `HSB' substituted by `hsb' on input line 1370.
Package xcolor Info: Model `Gray' substituted by `gray' on input line 1371.
Package xcolor Info: Model `wave' substituted by `hsb' on input line 1372.
) (/Users/tim/Library/TinyTeX/texmf-dist/tex/generic/pgf/basiclayer/pgfcore.code.tex
Package: pgfcore 2023-01-15 v3.1.10 (3.1.10)
 (/Users/tim/Library/TinyTeX/texmf-dist/tex/generic/pgf/math/pgfmath.code.tex (/Users/tim/Library/TinyTeX/texmf-dist/tex/generic/pgf/math/pgfmathutil.code.tex) (/Users/tim/Library/TinyTeX/texmf-dist/tex/generic/pgf/math/pgfmathparser.code.tex
\pgfmath@dimen=\dimen194
\pgfmath@count=\count314
\pgfmath@box=\box58
\pgfmath@toks=\toks44
\pgfmath@stack@operand=\toks45
\pgfmath@stack@operation=\toks46
) (/Users/tim/Library/TinyTeX/texmf-dist/tex/generic/pgf/math/pgfmathfunctions.code.tex) (/Users/tim/Library/TinyTeX/texmf-dist/tex/generic/pgf/math/pgfmathfunctions.basic.code.tex) (/Users/tim/Library/TinyTeX/texmf-dist/tex/generic/pgf/math/pgfmathfunctions.trigonometric.code.tex) (/Users/tim/Library/TinyTeX/texmf-dist/tex/generic/pgf/math/pgfmathfunctions.random.code.tex) (/Users/tim/Library/TinyTeX/texmf-dist/tex/generic/pgf/math/pgfmathfunctions.comparison.code.tex) (/Users/tim/Library/TinyTeX/texmf-dist/tex/generic/pgf/math/pgfmathfunctions.base.code.tex) (/Users/tim/Library/TinyTeX/texmf-dist/tex/generic/pgf/math/pgfmathfunctions.round.code.tex) (/Users/tim/Library/TinyTeX/texmf-dist/tex/generic/pgf/math/pgfmathfunctions.misc.code.tex) (/Users/tim/Library/TinyTeX/texmf-dist/tex/generic/pgf/math/pgfmathfunctions.integerarithmetics.code.tex) (/Users/tim/Library/TinyTeX/texmf-dist/tex/generic/pgf/math/pgfmathcalc.code.tex) (/Users/tim/Library/TinyTeX/texmf-dist/tex/generic/pgf/math/pgfmathfloat.code.tex
\c@pgfmathroundto@lastzeros=\count315
)) (/Users/tim/Library/TinyTeX/texmf-dist/tex/generic/pgf/math/pgfint.code.tex) (/Users/tim/Library/TinyTeX/texmf-dist/tex/generic/pgf/basiclayer/pgfcorepoints.code.tex
File: pgfcorepoints.code.tex 2023-01-15 v3.1.10 (3.1.10)
\pgf@picminx=\dimen195
\pgf@picmaxx=\dimen196
\pgf@picminy=\dimen197
\pgf@picmaxy=\dimen198
\pgf@pathminx=\dimen199
\pgf@pathmaxx=\dimen256
\pgf@pathminy=\dimen257
\pgf@pathmaxy=\dimen258
\pgf@xx=\dimen259
\pgf@xy=\dimen260
\pgf@yx=\dimen261
\pgf@yy=\dimen262
\pgf@zx=\dimen263
\pgf@zy=\dimen264
) (/Users/tim/Library/TinyTeX/texmf-dist/tex/generic/pgf/basiclayer/pgfcorepathconstruct.code.tex
File: pgfcorepathconstruct.code.tex 2023-01-15 v3.1.10 (3.1.10)
\pgf@path@lastx=\dimen265
\pgf@path@lasty=\dimen266
) (/Users/tim/Library/TinyTeX/texmf-dist/tex/generic/pgf/basiclayer/pgfcorepathusage.code.tex
File: pgfcorepathusage.code.tex 2023-01-15 v3.1.10 (3.1.10)
\pgf@shorten@end@additional=\dimen267
\pgf@shorten@start@additional=\dimen268
) (/Users/tim/Library/TinyTeX/texmf-dist/tex/generic/pgf/basiclayer/pgfcorescopes.code.tex
File: pgfcorescopes.code.tex 2023-01-15 v3.1.10 (3.1.10)
\pgfpic=\box59
\pgf@hbox=\box60
\pgf@layerbox@main=\box61
\pgf@picture@serial@count=\count316
) (/Users/tim/Library/TinyTeX/texmf-dist/tex/generic/pgf/basiclayer/pgfcoregraphicstate.code.tex
File: pgfcoregraphicstate.code.tex 2023-01-15 v3.1.10 (3.1.10)
\pgflinewidth=\dimen269
) (/Users/tim/Library/TinyTeX/texmf-dist/tex/generic/pgf/basiclayer/pgfcoretransformations.code.tex
File: pgfcoretransformations.code.tex 2023-01-15 v3.1.10 (3.1.10)
\pgf@pt@x=\dimen270
\pgf@pt@y=\dimen271
\pgf@pt@temp=\dimen272
) (/Users/tim/Library/TinyTeX/texmf-dist/tex/generic/pgf/basiclayer/pgfcorequick.code.tex
File: pgfcorequick.code.tex 2023-01-15 v3.1.10 (3.1.10)
) (/Users/tim/Library/TinyTeX/texmf-dist/tex/generic/pgf/basiclayer/pgfcoreobjects.code.tex
File: pgfcoreobjects.code.tex 2023-01-15 v3.1.10 (3.1.10)
) (/Users/tim/Library/TinyTeX/texmf-dist/tex/generic/pgf/basiclayer/pgfcorepathprocessing.code.tex
File: pgfcorepathprocessing.code.tex 2023-01-15 v3.1.10 (3.1.10)
) (/Users/tim/Library/TinyTeX/texmf-dist/tex/generic/pgf/basiclayer/pgfcorearrows.code.tex
File: pgfcorearrows.code.tex 2023-01-15 v3.1.10 (3.1.10)
\pgfarrowsep=\dimen273
) (/Users/tim/Library/TinyTeX/texmf-dist/tex/generic/pgf/basiclayer/pgfcoreshade.code.tex
File: pgfcoreshade.code.tex 2023-01-15 v3.1.10 (3.1.10)
\pgf@max=\dimen274
\pgf@sys@shading@range@num=\count317
\pgf@shadingcount=\count318
) (/Users/tim/Library/TinyTeX/texmf-dist/tex/generic/pgf/basiclayer/pgfcoreimage.code.tex
File: pgfcoreimage.code.tex 2023-01-15 v3.1.10 (3.1.10)
) (/Users/tim/Library/TinyTeX/texmf-dist/tex/generic/pgf/basiclayer/pgfcoreexternal.code.tex
File: pgfcoreexternal.code.tex 2023-01-15 v3.1.10 (3.1.10)
\pgfexternal@startupbox=\box62
) (/Users/tim/Library/TinyTeX/texmf-dist/tex/generic/pgf/basiclayer/pgfcorelayers.code.tex
File: pgfcorelayers.code.tex 2023-01-15 v3.1.10 (3.1.10)
) (/Users/tim/Library/TinyTeX/texmf-dist/tex/generic/pgf/basiclayer/pgfcoretransparency.code.tex
File: pgfcoretransparency.code.tex 2023-01-15 v3.1.10 (3.1.10)
) (/Users/tim/Library/TinyTeX/texmf-dist/tex/generic/pgf/basiclayer/pgfcorepatterns.code.tex
File: pgfcorepatterns.code.tex 2023-01-15 v3.1.10 (3.1.10)
) (/Users/tim/Library/TinyTeX/texmf-dist/tex/generic/pgf/basiclayer/pgfcorerdf.code.tex
File: pgfcorerdf.code.tex 2023-01-15 v3.1.10 (3.1.10)
))) (/Users/tim/Library/TinyTeX/texmf-dist/tex/generic/pgf/modules/pgfmoduleshapes.code.tex
File: pgfmoduleshapes.code.tex 2023-01-15 v3.1.10 (3.1.10)
\pgfnodeparttextbox=\box63
) (/Users/tim/Library/TinyTeX/texmf-dist/tex/generic/pgf/modules/pgfmoduleplot.code.tex
File: pgfmoduleplot.code.tex 2023-01-15 v3.1.10 (3.1.10)
) (/Users/tim/Library/TinyTeX/texmf-dist/tex/latex/pgf/compatibility/pgfcomp-version-0-65.sty
Package: pgfcomp-version-0-65 2023-01-15 v3.1.10 (3.1.10)
\pgf@nodesepstart=\dimen275
\pgf@nodesepend=\dimen276
) (/Users/tim/Library/TinyTeX/texmf-dist/tex/latex/pgf/compatibility/pgfcomp-version-1-18.sty
Package: pgfcomp-version-1-18 2023-01-15 v3.1.10 (3.1.10)
)) (/Users/tim/Library/TinyTeX/texmf-dist/tex/latex/pgf/utilities/pgffor.sty (/Users/tim/Library/TinyTeX/texmf-dist/tex/latex/pgf/utilities/pgfkeys.sty (/Users/tim/Library/TinyTeX/texmf-dist/tex/generic/pgf/utilities/pgfkeys.code.tex)) (/Users/tim/Library/TinyTeX/texmf-dist/tex/latex/pgf/math/pgfmath.sty (/Users/tim/Library/TinyTeX/texmf-dist/tex/generic/pgf/math/pgfmath.code.tex)) (/Users/tim/Library/TinyTeX/texmf-dist/tex/generic/pgf/utilities/pgffor.code.tex
Package: pgffor 2023-01-15 v3.1.10 (3.1.10)
\pgffor@iter=\dimen277
\pgffor@skip=\dimen278
\pgffor@stack=\toks47
\pgffor@toks=\toks48
)) (/Users/tim/Library/TinyTeX/texmf-dist/tex/generic/pgf/frontendlayer/tikz/tikz.code.tex
Package: tikz 2023-01-15 v3.1.10 (3.1.10)
 (/Users/tim/Library/TinyTeX/texmf-dist/tex/generic/pgf/libraries/pgflibraryplothandlers.code.tex
File: pgflibraryplothandlers.code.tex 2023-01-15 v3.1.10 (3.1.10)
\pgf@plot@mark@count=\count319
\pgfplotmarksize=\dimen279
)
\tikz@lastx=\dimen280
\tikz@lasty=\dimen281
\tikz@lastxsaved=\dimen282
\tikz@lastysaved=\dimen283
\tikz@lastmovetox=\dimen284
\tikz@lastmovetoy=\dimen285
\tikzleveldistance=\dimen286
\tikzsiblingdistance=\dimen287
\tikz@figbox=\box64
\tikz@figbox@bg=\box65
\tikz@tempbox=\box66
\tikz@tempbox@bg=\box67
\tikztreelevel=\count320
\tikznumberofchildren=\count321
\tikznumberofcurrentchild=\count322
\tikz@fig@count=\count323
 (/Users/tim/Library/TinyTeX/texmf-dist/tex/generic/pgf/modules/pgfmodulematrix.code.tex
File: pgfmodulematrix.code.tex 2023-01-15 v3.1.10 (3.1.10)
\pgfmatrixcurrentrow=\count324
\pgfmatrixcurrentcolumn=\count325
\pgf@matrix@numberofcolumns=\count326
)
\tikz@expandcount=\count327
 (/Users/tim/Library/TinyTeX/texmf-dist/tex/generic/pgf/frontendlayer/tikz/libraries/tikzlibrarytopaths.code.tex
File: tikzlibrarytopaths.code.tex 2023-01-15 v3.1.10 (3.1.10)
))) (/Users/tim/Library/TinyTeX/texmf-dist/tex/latex/tikz-cd/tikz-cd.sty
Package: tikz-cd 2021/05/04 v1.0 Commutative diagrams with TikZ
 (/Users/tim/Library/TinyTeX/texmf-dist/tex/generic/tikz-cd/tikzlibrarycd.code.tex (/Users/tim/Library/TinyTeX/texmf-dist/tex/generic/pgf/frontendlayer/tikz/libraries/tikzlibrarymatrix.code.tex
File: tikzlibrarymatrix.code.tex 2023-01-15 v3.1.10 (3.1.10)
) (/Users/tim/Library/TinyTeX/texmf-dist/tex/generic/pgf/frontendlayer/tikz/libraries/tikzlibraryquotes.code.tex
File: tikzlibraryquotes.code.tex 2023-01-15 v3.1.10 (3.1.10)
) (/Users/tim/Library/TinyTeX/texmf-dist/tex/generic/pgf/libraries/pgflibraryarrows.meta.code.tex
File: pgflibraryarrows.meta.code.tex 2023-01-15 v3.1.10 (3.1.10)
\pgfarrowinset=\dimen288
\pgfarrowlength=\dimen289
\pgfarrowwidth=\dimen290
\pgfarrowlinewidth=\dimen291
))) (/Users/tim/Library/TinyTeX/texmf-dist/tex/latex/newunicodechar/newunicodechar.sty
Package: newunicodechar 2018/04/08 v1.2 Defining Unicode characters
) (/Users/tim/Library/TinyTeX/texmf-dist/tex/latex/fancyhdr/fancyhdr.sty
Package: fancyhdr 2025/02/07 v5.2 Extensive control of page headers and footers
\f@nch@headwidth=\skip63
\f@nch@offset@elh=\skip64
\f@nch@offset@erh=\skip65
\f@nch@offset@olh=\skip66
\f@nch@offset@orh=\skip67
\f@nch@offset@elf=\skip68
\f@nch@offset@erf=\skip69
\f@nch@offset@olf=\skip70
\f@nch@offset@orf=\skip71
\f@nch@height=\skip72
\f@nch@footalignment=\skip73
\f@nch@widthL=\skip74
\f@nch@widthC=\skip75
\f@nch@widthR=\skip76
\@temptokenb=\toks49
) (/Users/tim/Library/TinyTeX/texmf-dist/tex/latex/biblatex/biblatex.sty
Package: biblatex 2024/03/21 v3.20 programmable bibliographies (PK/MW)
 (/Users/tim/Library/TinyTeX/texmf-dist/tex/generic/pdftexcmds/pdftexcmds.sty
Package: pdftexcmds 2020-06-27 v0.33 Utility functions of pdfTeX for LuaTeX (HO)
 (/Users/tim/Library/TinyTeX/texmf-dist/tex/generic/infwarerr/infwarerr.sty
Package: infwarerr 2019/12/03 v1.5 Providing info/warning/error messages (HO)
) (/Users/tim/Library/TinyTeX/texmf-dist/tex/generic/ltxcmds/ltxcmds.sty
Package: ltxcmds 2023-12-04 v1.26 LaTeX kernel commands for general use (HO)
)
Package pdftexcmds Info: \pdf@primitive is available.
Package pdftexcmds Info: \pdf@ifprimitive is available.
Package pdftexcmds Info: \pdfdraftmode found.
) (/Users/tim/Library/TinyTeX/texmf-dist/tex/latex/kvoptions/kvoptions.sty
Package: kvoptions 2022-06-15 v3.15 Key value format for package options (HO)
 (/Users/tim/Library/TinyTeX/texmf-dist/tex/latex/kvsetkeys/kvsetkeys.sty
Package: kvsetkeys 2022-10-05 v1.19 Key value parser (HO)
)) (/Users/tim/Library/TinyTeX/texmf-dist/tex/latex/logreq/logreq.sty
Package: logreq 2010/08/04 v1.0 xml request logger
\lrq@indent=\count328
 (/Users/tim/Library/TinyTeX/texmf-dist/tex/latex/logreq/logreq.def
File: logreq.def 2010/08/04 v1.0 logreq spec v1.0
)) (/Users/tim/Library/TinyTeX/texmf-dist/tex/latex/url/url.sty
\Urlmuskip=\muskip18
Package: url 2013/09/16  ver 3.4  Verb mode for urls, etc.
)
\c@tabx@nest=\count329
\c@listtotal=\count330
\c@listcount=\count331
\c@liststart=\count332
\c@liststop=\count333
\c@citecount=\count334
\c@citetotal=\count335
\c@multicitecount=\count336
\c@multicitetotal=\count337
\c@instcount=\count338
\c@maxnames=\count339
\c@minnames=\count340
\c@maxitems=\count341
\c@minitems=\count342
\c@citecounter=\count343
\c@maxcitecounter=\count344
\c@savedcitecounter=\count345
\c@uniquelist=\count346
\c@uniquename=\count347
\c@refsection=\count348
\c@refsegment=\count349
\c@maxextratitle=\count350
\c@maxextratitleyear=\count351
\c@maxextraname=\count352
\c@maxextradate=\count353
\c@maxextraalpha=\count354
\c@abbrvpenalty=\count355
\c@highnamepenalty=\count356
\c@lownamepenalty=\count357
\c@maxparens=\count358
\c@parenlevel=\count359
\blx@tempcnta=\count360
\blx@tempcntb=\count361
\blx@tempcntc=\count362
\c@blx@maxsection=\count363
\blx@maxsegment@0=\count364
\blx@notetype=\count365
\blx@parenlevel@text=\count366
\blx@parenlevel@foot=\count367
\blx@sectionciteorder@0=\count368
\blx@sectionciteorderinternal@0=\count369
\blx@entrysetcounter=\count370
\blx@biblioinstance=\count371
\labelnumberwidth=\skip77
\labelalphawidth=\skip78
\biblabelsep=\skip79
\bibitemsep=\skip80
\bibnamesep=\skip81
\bibinitsep=\skip82
\bibparsep=\skip83
\bibhang=\skip84
\blx@bcfin=\read3
\blx@bcfout=\write4
\blx@langwohyphens=\language3
\c@mincomprange=\count372
\c@maxcomprange=\count373
\c@mincompwidth=\count374
Package biblatex Info: Trying to load biblatex default data model...
Package biblatex Info: ... file 'blx-dm.def' found.
 (/Users/tim/Library/TinyTeX/texmf-dist/tex/latex/biblatex/blx-dm.def
File: blx-dm.def 2024/03/21 v3.20 biblatex datamodel (PK/MW)
)
Package biblatex Info: Trying to load biblatex custom data model...
Package biblatex Info: ... file 'biblatex-dm.cfg' not found.
\c@afterword=\count375
\c@savedafterword=\count376
\c@annotator=\count377
\c@savedannotator=\count378
\c@author=\count379
\c@savedauthor=\count380
\c@bookauthor=\count381
\c@savedbookauthor=\count382
\c@commentator=\count383
\c@savedcommentator=\count384
\c@editor=\count385
\c@savededitor=\count386
\c@editora=\count387
\c@savededitora=\count388
\c@editorb=\count389
\c@savededitorb=\count390
\c@editorc=\count391
\c@savededitorc=\count392
\c@foreword=\count393
\c@savedforeword=\count394
\c@holder=\count395
\c@savedholder=\count396
\c@introduction=\count397
\c@savedintroduction=\count398
\c@namea=\count399
\c@savednamea=\count400
\c@nameb=\count401
\c@savednameb=\count402
\c@namec=\count403
\c@savednamec=\count404
\c@translator=\count405
\c@savedtranslator=\count406
\c@shortauthor=\count407
\c@savedshortauthor=\count408
\c@shorteditor=\count409
\c@savedshorteditor=\count410
\c@labelname=\count411
\c@savedlabelname=\count412
\c@institution=\count413
\c@savedinstitution=\count414
\c@lista=\count415
\c@savedlista=\count416
\c@listb=\count417
\c@savedlistb=\count418
\c@listc=\count419
\c@savedlistc=\count420
\c@listd=\count421
\c@savedlistd=\count422
\c@liste=\count423
\c@savedliste=\count424
\c@listf=\count425
\c@savedlistf=\count426
\c@location=\count427
\c@savedlocation=\count428
\c@organization=\count429
\c@savedorganization=\count430
\c@origlocation=\count431
\c@savedoriglocation=\count432
\c@origpublisher=\count433
\c@savedorigpublisher=\count434
\c@publisher=\count435
\c@savedpublisher=\count436
\c@language=\count437
\c@savedlanguage=\count438
\c@origlanguage=\count439
\c@savedoriglanguage=\count440
\c@pageref=\count441
\c@savedpageref=\count442
\shorthandwidth=\skip85
\shortjournalwidth=\skip86
\shortserieswidth=\skip87
\shorttitlewidth=\skip88
\shortauthorwidth=\skip89
\shorteditorwidth=\skip90
\locallabelnumberwidth=\skip91
\locallabelalphawidth=\skip92
\localshorthandwidth=\skip93
\localshortjournalwidth=\skip94
\localshortserieswidth=\skip95
\localshorttitlewidth=\skip96
\localshortauthorwidth=\skip97
\localshorteditorwidth=\skip98
Package biblatex Info: Trying to load compatibility code...
Package biblatex Info: ... file 'blx-compat.def' found.
 (/Users/tim/Library/TinyTeX/texmf-dist/tex/latex/biblatex/blx-compat.def
File: blx-compat.def 2024/03/21 v3.20 biblatex compatibility (PK/MW)
)
Package biblatex Info: Trying to load BibTeX backend compatibility...
Package biblatex Info: ... file 'blx-bibtex.def' found.
 (/Users/tim/Library/TinyTeX/texmf-dist/tex/latex/biblatex/blx-bibtex.def
File: blx-bibtex.def 2024/03/21 v3.20 biblatex compatibility (PK/MW)


Package biblatex Warning: Using fall-back bibtex backend:
(biblatex)                functionality may be reduced/unavailable.

)
Package biblatex Info: Trying to load generic definitions...
Package biblatex Info: ... file 'biblatex.def' found.
 (/Users/tim/Library/TinyTeX/texmf-dist/tex/latex/biblatex/biblatex.def
File: biblatex.def 2024/03/21 v3.20 biblatex compatibility (PK/MW)
\c@textcitecount=\count443
\c@textcitetotal=\count444
\c@textcitemaxnames=\count445
\c@biburlbigbreakpenalty=\count446
\c@biburlbreakpenalty=\count447
\c@biburlnumpenalty=\count448
\c@biburlucpenalty=\count449
\c@biburllcpenalty=\count450
\biburlbigskip=\muskip19
\biburlnumskip=\muskip20
\biburlucskip=\muskip21
\biburllcskip=\muskip22
\c@smartand=\count451
)
Package biblatex Info: Trying to load bibliography style 'numeric'...
Package biblatex Info: ... file 'numeric.bbx' found.
 (/Users/tim/Library/TinyTeX/texmf-dist/tex/latex/biblatex/bbx/numeric.bbx
File: numeric.bbx 2024/03/21 v3.20 biblatex bibliography style (PK/MW)
Package biblatex Info: Trying to load bibliography style 'standard'...
Package biblatex Info: ... file 'standard.bbx' found.
 (/Users/tim/Library/TinyTeX/texmf-dist/tex/latex/biblatex/bbx/standard.bbx
File: standard.bbx 2024/03/21 v3.20 biblatex bibliography style (PK/MW)
\c@bbx:relatedcount=\count452
\c@bbx:relatedtotal=\count453
))
Package biblatex Info: Trying to load citation style 'numeric'...
Package biblatex Info: ... file 'numeric.cbx' found.
 (/Users/tim/Library/TinyTeX/texmf-dist/tex/latex/biblatex/cbx/numeric.cbx
File: numeric.cbx 2024/03/21 v3.20 biblatex citation style (PK/MW)
Package biblatex Info: Redefining '\cite'.
Package biblatex Info: Redefining '\parencite'.
Package biblatex Info: Redefining '\footcite'.
Package biblatex Info: Redefining '\footcitetext'.
Package biblatex Info: Redefining '\smartcite'.
Package biblatex Info: Redefining '\supercite'.
Package biblatex Info: Redefining '\textcite'.
Package biblatex Info: Redefining '\textcites'.
Package biblatex Info: Redefining '\cites'.
Package biblatex Info: Redefining '\parencites'.
Package biblatex Info: Redefining '\smartcites'.
)
Package biblatex Info: Trying to load configuration file...
Package biblatex Info: ... file 'biblatex.cfg' found.
 (/Users/tim/Library/TinyTeX/texmf-dist/tex/latex/biblatex/biblatex.cfg
File: biblatex.cfg 
)
Package biblatex Info: Input encoding 'utf8' detected.
Package biblatex Info: Document encoding is UTF8 ....
 (/Users/tim/Library/TinyTeX/texmf-dist/tex/latex/l3kernel/expl3.sty
Package: expl3 2025-05-26 L3 programming layer (loader) 
 (/Users/tim/Library/TinyTeX/texmf-dist/tex/latex/l3backend/l3backend-pdftex.def
File: l3backend-pdftex.def 2025-04-14 L3 backend support: PDF output (pdfTeX)
\l__color_backend_stack_int=\count454
))
Package biblatex Info: ... and expl3
(biblatex)             2025-05-26 L3 programming layer (loader) 
(biblatex)             is new enough (at least 2020/04/06),
(biblatex)             setting 'casechanger=expl3'.
 (/Users/tim/Library/TinyTeX/texmf-dist/tex/latex/biblatex/blx-case-expl3.sty (/Users/tim/Library/TinyTeX/texmf-dist/tex/latex/l3packages/xparse/xparse.sty
Package: xparse 2024-08-16 L3 Experimental document command parser
)
Package: blx-case-expl3 2024/03/21 v3.20 expl3 case changing code for biblatex
)) (/Users/tim/Library/TinyTeX/texmf-dist/tex/latex/hyperref/hyperref.sty
Package: hyperref 2025-05-20 v7.01m Hypertext links for LaTeX
 (/Users/tim/Library/TinyTeX/texmf-dist/tex/generic/kvdefinekeys/kvdefinekeys.sty
Package: kvdefinekeys 2019-12-19 v1.6 Define keys (HO)
) (/Users/tim/Library/TinyTeX/texmf-dist/tex/generic/pdfescape/pdfescape.sty
Package: pdfescape 2019/12/09 v1.15 Implements pdfTeX's escape features (HO)
) (/Users/tim/Library/TinyTeX/texmf-dist/tex/latex/hycolor/hycolor.sty
Package: hycolor 2020-01-27 v1.10 Color options for hyperref/bookmark (HO)
) (/Users/tim/Library/TinyTeX/texmf-dist/tex/latex/hyperref/nameref.sty
Package: nameref 2023-11-26 v2.56 Cross-referencing by name of section
 (/Users/tim/Library/TinyTeX/texmf-dist/tex/latex/refcount/refcount.sty
Package: refcount 2019/12/15 v3.6 Data extraction from label references (HO)
) (/Users/tim/Library/TinyTeX/texmf-dist/tex/generic/gettitlestring/gettitlestring.sty
Package: gettitlestring 2019/12/15 v1.6 Cleanup title references (HO)
)
\c@section@level=\count455
) (/Users/tim/Library/TinyTeX/texmf-dist/tex/generic/stringenc/stringenc.sty
Package: stringenc 2019/11/29 v1.12 Convert strings between diff. encodings (HO)
)
\@linkdim=\dimen292
\Hy@linkcounter=\count456
\Hy@pagecounter=\count457
 (/Users/tim/Library/TinyTeX/texmf-dist/tex/latex/hyperref/pd1enc.def
File: pd1enc.def 2025-05-20 v7.01m Hyperref: PDFDocEncoding definition (HO)
Now handling font encoding PD1 ...
... no UTF-8 mapping file for font encoding PD1
) (/Users/tim/Library/TinyTeX/texmf-dist/tex/generic/intcalc/intcalc.sty
Package: intcalc 2019/12/15 v1.3 Expandable calculations with integers (HO)
)
\Hy@SavedSpaceFactor=\count458
 (/Users/tim/Library/TinyTeX/texmf-dist/tex/latex/hyperref/puenc.def
File: puenc.def 2025-05-20 v7.01m Hyperref: PDF Unicode definition (HO)
Now handling font encoding PU ...
... no UTF-8 mapping file for font encoding PU
)
Package hyperref Info: Option `colorlinks' set `true' on input line 4040.
Package hyperref Info: Hyper figures OFF on input line 4157.
Package hyperref Info: Link nesting OFF on input line 4162.
Package hyperref Info: Hyper index ON on input line 4165.
Package hyperref Info: Plain pages OFF on input line 4172.
Package hyperref Info: Backreferencing OFF on input line 4177.
Package hyperref Info: Implicit mode ON; LaTeX internals redefined.
Package hyperref Info: Bookmarks ON on input line 4424.
\c@Hy@tempcnt=\count459
LaTeX Info: Redefining \url on input line 4763.
\XeTeXLinkMargin=\dimen293
 (/Users/tim/Library/TinyTeX/texmf-dist/tex/generic/bitset/bitset.sty
Package: bitset 2019/12/09 v1.3 Handle bit-vector datatype (HO)
 (/Users/tim/Library/TinyTeX/texmf-dist/tex/generic/bigintcalc/bigintcalc.sty
Package: bigintcalc 2019/12/15 v1.5 Expandable calculations on big integers (HO)
))
\Fld@menulength=\count460
\Field@Width=\dimen294
\Fld@charsize=\dimen295
Package hyperref Info: Hyper figures OFF on input line 6042.
Package hyperref Info: Link nesting OFF on input line 6047.
Package hyperref Info: Hyper index ON on input line 6050.
Package hyperref Info: backreferencing OFF on input line 6057.
Package hyperref Info: Link coloring ON on input line 6060.
Package hyperref Info: Link coloring with OCG OFF on input line 6067.
Package hyperref Info: PDF/A mode OFF on input line 6072.
 (/Users/tim/Library/TinyTeX/texmf-dist/tex/latex/base/atbegshi-ltx.sty
Package: atbegshi-ltx 2021/01/10 v1.0c Emulation of the original atbegshi
package with kernel methods
)
\Hy@abspage=\count461
\c@Item=\count462
\c@Hfootnote=\count463
)
Package hyperref Info: Driver (autodetected): hpdftex.
 (/Users/tim/Library/TinyTeX/texmf-dist/tex/latex/hyperref/hpdftex.def
File: hpdftex.def 2025-05-20 v7.01m Hyperref driver for pdfTeX
\Fld@listcount=\count464
\c@bookmark@seq@number=\count465
 (/Users/tim/Library/TinyTeX/texmf-dist/tex/latex/rerunfilecheck/rerunfilecheck.sty
Package: rerunfilecheck 2022-07-10 v1.10 Rerun checks for auxiliary files (HO)
 (/Users/tim/Library/TinyTeX/texmf-dist/tex/latex/base/atveryend-ltx.sty
Package: atveryend-ltx 2020/08/19 v1.0a Emulation of the original atveryend package
with kernel methods
) (/Users/tim/Library/TinyTeX/texmf-dist/tex/generic/uniquecounter/uniquecounter.sty
Package: uniquecounter 2019/12/15 v1.4 Provide unlimited unique counter (HO)
)
Package uniquecounter Info: New unique counter `rerunfilecheck' on input line 285.
)
\Hy@SectionHShift=\skip99
) (/Users/tim/Library/TinyTeX/texmf-dist/tex/latex/cleveref/cleveref.sty
Package: cleveref 2018/03/27 v0.21.4 Intelligent cross-referencing
Package cleveref Info: `hyperref' support loaded on input line 2370.
LaTeX Info: Redefining \cref on input line 2370.
LaTeX Info: Redefining \Cref on input line 2370.
LaTeX Info: Redefining \crefrange on input line 2370.
LaTeX Info: Redefining \Crefrange on input line 2370.
LaTeX Info: Redefining \cpageref on input line 2370.
LaTeX Info: Redefining \Cpageref on input line 2370.
LaTeX Info: Redefining \cpagerefrange on input line 2370.
LaTeX Info: Redefining \Cpagerefrange on input line 2370.
LaTeX Info: Redefining \labelcref on input line 2370.
LaTeX Info: Redefining \labelcpageref on input line 2370.
Package cleveref Info: `amsthm' support loaded on input line 3026.
Package cleveref Info: always capitalise cross-reference names on input line 7830.
Package cleveref Info: include cross-reference names in hyperlinks on input line 7836.
Package cleveref Info: include cross-reference names in hyperlinks on input line 7852.
Package cleveref Info: always capitalise cross-reference names on input line 7852.
)
==> First Aid for cleveref.sty applied!
(/Users/tim/Library/TinyTeX/texmf-dist/tex/latex/titlesec/titlesec.sty
Package: titlesec 2025/01/04 v2.17 Sectioning titles
\ttl@box=\box68
\beforetitleunit=\skip100
\aftertitleunit=\skip101
\ttl@plus=\dimen296
\ttl@minus=\dimen297
\ttl@toksa=\toks50
\titlewidth=\dimen298
\titlewidthlast=\dimen299
\titlewidthfirst=\dimen300
)) (/Users/tim/Library/TinyTeX/texmf-dist/tex/latex/baskervaldx/Baskervaldx.sty
Package: Baskervaldx 2020/11/07 v1.075
 `Baskervaldx' v1.075, 2020/11/07 Style file for Baskervaldx, an `expertized' update of Baskervald (msharpe) (/Users/tim/Library/TinyTeX/texmf-dist/tex/latex/base/fontenc.sty
Package: fontenc 2024/12/21 v2.1c Standard LaTeX package
 (/Users/tim/Library/TinyTeX/texmf-dist/tex/latex/ly1/ly1enc.def
File: ly1enc.def 2022/06/11 v0.8 TeX 'n ANSI encoding (DPC/KB)
Now handling font encoding LY1 ...
... processing UTF-8 mapping file for font encoding LY1
 (/Users/tim/Library/TinyTeX/texmf-dist/tex/latex/base/ly1enc.dfu
File: ly1enc.dfu 2022/06/07 v1.3c UTF-8 support
   defining Unicode char U+00A0 (decimal 160)
   defining Unicode char U+00A1 (decimal 161)
   defining Unicode char U+00A2 (decimal 162)
   defining Unicode char U+00A3 (decimal 163)
   defining Unicode char U+00A4 (decimal 164)
   defining Unicode char U+00A5 (decimal 165)
   defining Unicode char U+00A6 (decimal 166)
   defining Unicode char U+00A7 (decimal 167)
   defining Unicode char U+00AA (decimal 170)
   defining Unicode char U+00AB (decimal 171)
   defining Unicode char U+00AD (decimal 173)
   defining Unicode char U+00AE (decimal 174)
   defining Unicode char U+00B0 (decimal 176)
   defining Unicode char U+00B5 (decimal 181)
   defining Unicode char U+00B6 (decimal 182)
   defining Unicode char U+00B7 (decimal 183)
   defining Unicode char U+00BA (decimal 186)
   defining Unicode char U+00BB (decimal 187)
   defining Unicode char U+00BC (decimal 188)
   defining Unicode char U+00BD (decimal 189)
   defining Unicode char U+00BE (decimal 190)
   defining Unicode char U+00BF (decimal 191)
   defining Unicode char U+00C0 (decimal 192)
   defining Unicode char U+00C1 (decimal 193)
   defining Unicode char U+00C2 (decimal 194)
   defining Unicode char U+00C3 (decimal 195)
   defining Unicode char U+00C4 (decimal 196)
   defining Unicode char U+00C5 (decimal 197)
   defining Unicode char U+00C6 (decimal 198)
   defining Unicode char U+00C7 (decimal 199)
   defining Unicode char U+00C8 (decimal 200)
   defining Unicode char U+00C9 (decimal 201)
   defining Unicode char U+00CA (decimal 202)
   defining Unicode char U+00CB (decimal 203)
   defining Unicode char U+00CC (decimal 204)
   defining Unicode char U+00CD (decimal 205)
   defining Unicode char U+00CE (decimal 206)
   defining Unicode char U+00CF (decimal 207)
   defining Unicode char U+00D0 (decimal 208)
   defining Unicode char U+00D1 (decimal 209)
   defining Unicode char U+00D2 (decimal 210)
   defining Unicode char U+00D3 (decimal 211)
   defining Unicode char U+00D4 (decimal 212)
   defining Unicode char U+00D5 (decimal 213)
   defining Unicode char U+00D6 (decimal 214)
   defining Unicode char U+00D8 (decimal 216)
   defining Unicode char U+00D9 (decimal 217)
   defining Unicode char U+00DA (decimal 218)
   defining Unicode char U+00DB (decimal 219)
   defining Unicode char U+00DC (decimal 220)
   defining Unicode char U+00DD (decimal 221)
   defining Unicode char U+00DE (decimal 222)
   defining Unicode char U+00DF (decimal 223)
   defining Unicode char U+00E0 (decimal 224)
   defining Unicode char U+00E1 (decimal 225)
   defining Unicode char U+00E2 (decimal 226)
   defining Unicode char U+00E3 (decimal 227)
   defining Unicode char U+00E4 (decimal 228)
   defining Unicode char U+00E5 (decimal 229)
   defining Unicode char U+00E6 (decimal 230)
   defining Unicode char U+00E7 (decimal 231)
   defining Unicode char U+00E8 (decimal 232)
   defining Unicode char U+00E9 (decimal 233)
   defining Unicode char U+00EA (decimal 234)
   defining Unicode char U+00EB (decimal 235)
   defining Unicode char U+00EC (decimal 236)
   defining Unicode char U+00ED (decimal 237)
   defining Unicode char U+00EE (decimal 238)
   defining Unicode char U+00EF (decimal 239)
   defining Unicode char U+00F0 (decimal 240)
   defining Unicode char U+00F1 (decimal 241)
   defining Unicode char U+00F2 (decimal 242)
   defining Unicode char U+00F3 (decimal 243)
   defining Unicode char U+00F4 (decimal 244)
   defining Unicode char U+00F5 (decimal 245)
   defining Unicode char U+00F6 (decimal 246)
   defining Unicode char U+00F8 (decimal 248)
   defining Unicode char U+00F9 (decimal 249)
   defining Unicode char U+00FA (decimal 250)
   defining Unicode char U+00FB (decimal 251)
   defining Unicode char U+00FC (decimal 252)
   defining Unicode char U+00FD (decimal 253)
   defining Unicode char U+00FE (decimal 254)
   defining Unicode char U+00FF (decimal 255)
   defining Unicode char U+0131 (decimal 305)
   defining Unicode char U+0141 (decimal 321)
   defining Unicode char U+0142 (decimal 322)
   defining Unicode char U+0152 (decimal 338)
   defining Unicode char U+0153 (decimal 339)
   defining Unicode char U+0160 (decimal 352)
   defining Unicode char U+0161 (decimal 353)
   defining Unicode char U+0174 (decimal 372)
   defining Unicode char U+0175 (decimal 373)
   defining Unicode char U+0176 (decimal 374)
   defining Unicode char U+0177 (decimal 375)
   defining Unicode char U+0178 (decimal 376)
   defining Unicode char U+017D (decimal 381)
   defining Unicode char U+017E (decimal 382)
   defining Unicode char U+0192 (decimal 402)
   defining Unicode char U+0218 (decimal 536)
   defining Unicode char U+0219 (decimal 537)
   defining Unicode char U+021A (decimal 538)
   defining Unicode char U+021B (decimal 539)
   defining Unicode char U+0237 (decimal 567)
   defining Unicode char U+02C6 (decimal 710)
   defining Unicode char U+02DC (decimal 732)
   defining Unicode char U+2013 (decimal 8211)
   defining Unicode char U+2014 (decimal 8212)
   defining Unicode char U+201C (decimal 8220)
   defining Unicode char U+201D (decimal 8221)
   defining Unicode char U+2020 (decimal 8224)
   defining Unicode char U+2021 (decimal 8225)
   defining Unicode char U+2022 (decimal 8226)
   defining Unicode char U+2026 (decimal 8230)
   defining Unicode char U+2030 (decimal 8240)
   defining Unicode char U+2039 (decimal 8249)
   defining Unicode char U+203A (decimal 8250)
   defining Unicode char U+2122 (decimal 8482)
   defining Unicode char U+FB00 (decimal 64256)
   defining Unicode char U+FB01 (decimal 64257)
   defining Unicode char U+FB02 (decimal 64258)
   defining Unicode char U+FB03 (decimal 64259)
   defining Unicode char U+FB04 (decimal 64260)
   defining Unicode char U+FB05 (decimal 64261)
   defining Unicode char U+FB06 (decimal 64262)
))) (/Users/tim/Library/TinyTeX/texmf-dist/tex/latex/base/textcomp.sty
Package: textcomp 2024/04/24 v2.1b Standard LaTeX package
) (/Users/tim/Library/TinyTeX/texmf-dist/tex/latex/carlisle/scalefnt.sty) (/Users/tim/Library/TinyTeX/texmf-dist/tex/latex/fontaxes/fontaxes.sty
Package: fontaxes 2025-05-24 v2.0.1 Font selection axes (deprecated)
 (/Users/tim/Library/TinyTeX/texmf-dist/tex/latex/fontaxes/fontaxes-v1.sty
Package: fontaxes 2020/07/21 v1.0e Font selection axes
LaTeX Info: Redefining \upshape on input line 29.
LaTeX Info: Redefining \itshape on input line 31.
LaTeX Info: Redefining \slshape on input line 33.
LaTeX Info: Redefining \swshape on input line 35.
LaTeX Info: Redefining \scshape on input line 37.
LaTeX Info: Redefining \sscshape on input line 39.
LaTeX Info: Redefining \ulcshape on input line 41.
LaTeX Info: Redefining \textsw on input line 47.
LaTeX Info: Redefining \textssc on input line 48.
LaTeX Info: Redefining \textulc on input line 49.
))
LaTeX Info: Redefining \swshape on input line 28.
)
\@quotelevel=\count466
\@quotereset=\count467
LaTeX Font Info:    Trying to load font information for T1+Baskervaldx-TLF on input line 29.
 (/Users/tim/Library/TinyTeX/texmf-dist/tex/latex/baskervaldx/T1Baskervaldx-TLF.fd
File: T1Baskervaldx-TLF.fd 2014/03/31 (autoinst) Font definitions for T1/Baskervaldx-TLF.
)
LaTeX Font Info:    Font shape `T1/Baskervaldx-TLF/m/n' will be
(Font)              scaled to size 10.0pt on input line 29.
 (./main.aux (./hodge-theory-i.aux) (./hodge-theory-ii.aux) (./hodge-theory-iii.aux))
\openout1 = `main.aux'.

LaTeX Font Info:    Checking defaults for OML/cmm/m/it on input line 29.
LaTeX Font Info:    ... okay on input line 29.
LaTeX Font Info:    Checking defaults for OMS/cmsy/m/n on input line 29.
LaTeX Font Info:    ... okay on input line 29.
LaTeX Font Info:    Checking defaults for OT1/cmr/m/n on input line 29.
LaTeX Font Info:    ... okay on input line 29.
LaTeX Font Info:    Checking defaults for T1/cmr/m/n on input line 29.
LaTeX Font Info:    ... okay on input line 29.
LaTeX Font Info:    Checking defaults for TS1/cmr/m/n on input line 29.
LaTeX Font Info:    ... okay on input line 29.
LaTeX Font Info:    Checking defaults for OMX/cmex/m/n on input line 29.
LaTeX Font Info:    ... okay on input line 29.
LaTeX Font Info:    Checking defaults for U/cmr/m/n on input line 29.
LaTeX Font Info:    ... okay on input line 29.
LaTeX Font Info:    Checking defaults for PD1/pdf/m/n on input line 29.
LaTeX Font Info:    ... okay on input line 29.
LaTeX Font Info:    Checking defaults for PU/pdf/m/n on input line 29.
LaTeX Font Info:    ... okay on input line 29.
LaTeX Font Info:    Checking defaults for LY1/ptm/m/n on input line 29.
LaTeX Font Info:    Trying to load font information for LY1+ptm on input line 29.
 (/Users/tim/Library/TinyTeX/texmf-dist/tex/latex/ly1/ly1ptm.fd
File: ly1ptm.fd 2001/02/01 font definitions for LY1/ptm using Berry names.
)
LaTeX Font Info:    ... okay on input line 29.

*geometry* driver: auto-detecting
*geometry* detected driver: pdftex
*geometry* verbose mode - [ preamble ] result:
* driver: pdftex
* paper: a4paper
* layout: <same size as paper>
* layoutoffset:(h,v)=(0.0pt,0.0pt)
* modes: 
* h-part:(L,W,R)=(89.62709pt, 418.25368pt, 89.6271pt)
* v-part:(T,H,B)=(101.40665pt, 591.5302pt, 152.11pt)
* \paperwidth=597.50787pt
* \paperheight=845.04684pt
* \textwidth=418.25368pt
* \textheight=591.5302pt
* \oddsidemargin=17.3571pt
* \evensidemargin=17.3571pt
* \topmargin=-0.93083pt
* \headheight=12.0pt
* \headsep=18.06749pt
* \topskip=10.0pt
* \footskip=25.29494pt
* \marginparwidth=61.0pt
* \marginparsep=7.0pt
* \columnsep=10.0pt
* \skip\footins=9.0pt plus 4.0pt minus 2.0pt
* \hoffset=0.0pt
* \voffset=0.0pt
* \mag=1000
* \@twocolumnfalse
* \@twosidefalse
* \@mparswitchfalse
* \@reversemarginfalse
* (1in=72.27pt=25.4mm, 1cm=28.453pt)

LaTeX Info: Redefining \microtypecontext on input line 29.
Package microtype Info: Applying patch `item' on input line 29.
Package microtype Info: Applying patch `toc' on input line 29.
Package microtype Info: Applying patch `eqnum' on input line 29.
Package microtype Info: Applying patch `footnote' on input line 29.
Package microtype Info: Applying patch `verbatim' on input line 29.
LaTeX Info: Redefining \microtypesetup on input line 29.
Package microtype Info: Generating PDF output.
Package microtype Info: Character protrusion enabled (level 2).
Package microtype Info: Using default protrusion set `alltext'.
Package microtype Info: Automatic font expansion enabled (level 2),
(microtype)             stretch: 20, shrink: 20, step: 1, non-selected.
Package microtype Info: Using default expansion set `alltext-nott'.

LaTeX Warning: Command \showhyphens   has changed.
               Check if current package is valid.

LaTeX Info: Redefining \showhyphens on input line 29.
Package microtype Info: No adjustment of tracking.
Package microtype Info: No adjustment of interword spacing.
Package microtype Info: No adjustment of character kerning.
Package microtype Info: Loading generic protrusion settings for font family
(microtype)             `Baskervaldx-TLF' (encoding: T1).
(microtype)             For optimal results, create family-specific settings.
(microtype)             See the microtype manual for details.
(/Users/tim/Library/TinyTeX/texmf-dist/tex/latex/epstopdf-pkg/epstopdf-base.sty
Package: epstopdf-base 2020-01-24 v2.11 Base part for package epstopdf
Package epstopdf-base Info: Redefining graphics rule for `.eps' on input line 485.
 (/Users/tim/Library/TinyTeX/texmf-dist/tex/latex/latexconfig/epstopdf-sys.cfg
File: epstopdf-sys.cfg 2010/07/13 v1.3 Configuration of (r)epstopdf for TeX Live
))
Package biblatex Info: Trying to load language 'english'...
Package biblatex Info: ... file 'english.lbx' found.
 (/Users/tim/Library/TinyTeX/texmf-dist/tex/latex/biblatex/lbx/english.lbx
File: english.lbx 2024/03/21 v3.20 biblatex localization (PK/MW)
)
Package biblatex Info: Input encoding 'utf8' detected.
Package biblatex Info: Automatic encoding selection.
(biblatex)             Assuming data encoding 'utf8'.
Package biblatex Info: Input encoding 'utf8' detected.
Package biblatex Info: Data encoding 'utf8' specified.
(biblatex)             No need to reencode data.
\openout4 = `main-blx.bib'.

Package biblatex Info: Trying to load bibliographic data...
Package biblatex Info: ... file 'main.bbl' found.
 (./main.bbl)
Package biblatex Info: Reference section=0 on input line 29.
Package biblatex Info: Reference segment=0 on input line 29.
Package hyperref Info: Link coloring ON on input line 29.
 (./main.out) (./main.out)
\@outlinefile=\write5
\openout5 = `main.out'.

\c@mv@tabular=\count468
\c@mv@boldtabular=\count469
LaTeX Font Info:    Font shape `T1/Baskervaldx-TLF/m/n' will be
(Font)              scaled to size 17.28pt on input line 34.
LaTeX Font Info:    Font shape `T1/Baskervaldx-TLF/m/n' will be
(Font)              scaled to size 12.0pt on input line 34.
 (/Users/tim/Library/TinyTeX/texmf-dist/tex/latex/microtype/mt-cmr.cfg
File: mt-cmr.cfg 2013/05/19 v2.2 microtype config. file: Computer Modern Roman (RS)
)
LaTeX Font Info:    Trying to load font information for U+msa on input line 34.
 (/Users/tim/Library/TinyTeX/texmf-dist/tex/latex/amsfonts/umsa.fd
File: umsa.fd 2013/01/14 v3.01 AMS symbols A
) (/Users/tim/Library/TinyTeX/texmf-dist/tex/latex/microtype/mt-msa.cfg
File: mt-msa.cfg 2006/02/04 v1.1 microtype config. file: AMS symbols (a) (RS)
)
LaTeX Font Info:    Trying to load font information for U+msb on input line 34.
 (/Users/tim/Library/TinyTeX/texmf-dist/tex/latex/amsfonts/umsb.fd
File: umsb.fd 2013/01/14 v3.01 AMS symbols B
) (/Users/tim/Library/TinyTeX/texmf-dist/tex/latex/microtype/mt-msb.cfg
File: mt-msb.cfg 2005/06/01 v1.0 microtype config. file: AMS symbols (b) (RS)
)

[1



{/Users/tim/Library/TinyTeX/texmf-var/fonts/map/pdftex/updmap/pdftex.map}{/Users/tim/Library/TinyTeX/texmf-dist/fonts/enc/dvips/baskervaldx/zbv_2zeho7.enc}]
LaTeX Font Info:    Font shape `T1/Baskervaldx-TLF/b/n' will be
(Font)              scaled to size 10.0pt on input line 35.
LaTeX Font Info:    Trying to load font information for TS1+Baskervaldx-TLF on input line 40.
 (/Users/tim/Library/TinyTeX/texmf-dist/tex/latex/baskervaldx/TS1Baskervaldx-TLF.fd
File: TS1Baskervaldx-TLF.fd 2014/03/31 (autoinst) Font definitions for TS1/Baskervaldx-TLF.
)
LaTeX Font Info:    Font shape `TS1/Baskervaldx-TLF/m/n' will be
(Font)              scaled to size 10.0pt on input line 40.
Package microtype Info: Loading generic protrusion settings for font family
(microtype)             `Baskervaldx-TLF' (encoding: TS1).
(microtype)             For optimal results, create family-specific settings.
(microtype)             See the microtype manual for details.
LaTeX Font Info:    Font shape `T1/Baskervaldx-TLF/m/it' will be
(Font)              scaled to size 10.0pt on input line 41.
Package microtype Info: Loading generic protrusion settings for font family
(microtype)             `cmtt' (encoding: T1).
(microtype)             For optimal results, create family-specific settings.
(microtype)             See the microtype manual for details.
LaTeX Font Info:    Font shape `T1/Baskervaldx-TLF/m/n' will be
(Font)              scaled to size 14.4pt on input line 65.
 (./main.toc
LaTeX Font Info:    Font shape `T1/Baskervaldx-TLF/b/n' will be
(Font)              scaled to size 12.0pt on input line 1.



pdfTeX warning (ext4): destination with the same identifier (name{page.i}) has been already used, duplicate ignored
<to be read again> 
                   \relax 
l.18 ...he two filtrations lemma}{16}{section.1.3}
                                                  % [1{/Users/tim/Library/TinyTeX/texmf-dist/fonts/enc/dvips/baskervaldx/zbv_ahc6ab.enc}{/Users/tim/Library/TinyTeX/texmf-dist/fonts/enc/dvips/baskervaldx/zbv_2xv27p.enc}{/Users/tim/Library/TinyTeX/texmf-dist/fonts/enc/dvips/baskervaldx/zbv_m4qttc.enc}]

[2])
\tf@toc=\write6
\openout6 = `main.toc'.



[3]
\openout2 = `hodge-theory-i.aux'.

 (./hodge-theory-i.tex
LaTeX Font Info:    Font shape `T1/Baskervaldx-TLF/m/n' will be
(Font)              scaled to size 20.74pt on input line 1.


LaTeX Warning: Hyper reference `S1960' on page 1 undefined on input line 5.


LaTeX Warning: Hyper reference `D1969' on page 1 undefined on input line 5.

Chapter 1.
Chapter 2.


LaTeX Font Info:    Font shape `T1/Baskervaldx-TLF/m/n' will be
(Font)              scaled to size 9.0pt on input line 55.

Package fancyhdr Warning: \headheight is too small (12.0pt): 
(fancyhdr)                Make it at least 20.67203pt, for example:
(fancyhdr)                \setlength{\headheight}{20.67203pt}.
(fancyhdr)                You might also make \topmargin smaller:
(fancyhdr)                \addtolength{\topmargin}{-8.67203pt}.

[1



]

LaTeX Warning: Hyper reference `W1949' on page 2 undefined on input line 61.

Chapter 3.
Chapter 4.



Package fancyhdr Warning: \headheight is too small (12.0pt): 
(fancyhdr)                Make it at least 20.67203pt, for example:
(fancyhdr)                \setlength{\headheight}{20.67203pt}.
(fancyhdr)                You might also make \topmargin smaller:
(fancyhdr)                \addtolength{\topmargin}{-8.67203pt}.

[2]

LaTeX Warning: Hyper reference `W1958' on page 3 undefined on input line 72.

Chapter 5.
Chapter 6.



Package fancyhdr Warning: \headheight is too small (12.0pt): 
(fancyhdr)                Make it at least 20.67203pt, for example:
(fancyhdr)                \setlength{\headheight}{20.67203pt}.
(fancyhdr)                You might also make \topmargin smaller:
(fancyhdr)                \addtolength{\topmargin}{-8.67203pt}.

[3]

LaTeX Warning: Hyper reference `W1949' on page 4 undefined on input line 92.

Chapter 7.
Chapter 8.

LaTeX Warning: Hyper reference `ST1968' on page 4 undefined on input line 115.




Package fancyhdr Warning: \headheight is too small (12.0pt): 
(fancyhdr)                Make it at least 20.67203pt, for example:
(fancyhdr)                \setlength{\headheight}{20.67203pt}.
(fancyhdr)                You might also make \topmargin smaller:
(fancyhdr)                \addtolength{\topmargin}{-8.67203pt}.

[4]

LaTeX Warning: Hyper reference `ST1968' on page 5 undefined on input line 117.


LaTeX Warning: Reference `ST1968' on page 5 undefined on input line 117.

Chapter 9.



Package fancyhdr Warning: \headheight is too small (12.0pt): 
(fancyhdr)                Make it at least 20.67203pt, for example:
(fancyhdr)                \setlength{\headheight}{20.67203pt}.
(fancyhdr)                You might also make \topmargin smaller:
(fancyhdr)                \addtolength{\topmargin}{-8.67203pt}.

[5]
LaTeX Font Info:    Font shape `U/rsfs/m/n' will be
(Font)              scaled to size 10.0pt on input line 140.
LaTeX Font Info:    Font shape `U/rsfs/m/n' will be
(Font)              scaled to size 7.0pt on input line 140.
LaTeX Font Info:    Font shape `U/rsfs/m/n' will be
(Font)              scaled to size 5.0pt on input line 140.


LaTeX Warning: Hyper reference `W1958' on page 6 undefined on input line 147.


LaTeX Warning: Hyper reference `W1958' on page 6 undefined on input line 149.

)


Package fancyhdr Warning: \headheight is too small (12.0pt): 
(fancyhdr)                Make it at least 20.67203pt, for example:
(fancyhdr)                \setlength{\headheight}{20.67203pt}.
(fancyhdr)                You might also make \topmargin smaller:
(fancyhdr)                \addtolength{\topmargin}{-8.67203pt}.

[6]
\openout2 = `hodge-theory-ii.aux'.

 (./hodge-theory-ii.tex
Chapter 0.

pdfTeX warning (ext4): destination with the same identifier (name{chapter.1}) has been already used, duplicate ignored
<to be read again> 
                   \relax 
l.22 ...e-theory-ii-4.4.15}}.\chapter{Filtrations}
                                                  \thispagestyle{fancy}\labe...
Chapter 1.



Package fancyhdr Warning: \headheight is too small (12.0pt): 
(fancyhdr)                Make it at least 20.67203pt, for example:
(fancyhdr)                \setlength{\headheight}{20.67203pt}.
(fancyhdr)                You might also make \topmargin smaller:
(fancyhdr)                \addtolength{\topmargin}{-8.67203pt}.

[7




]


Package fancyhdr Warning: \headheight is too small (12.0pt): 
(fancyhdr)                Make it at least 20.67203pt, for example:
(fancyhdr)                \setlength{\headheight}{20.67203pt}.
(fancyhdr)                You might also make \topmargin smaller:
(fancyhdr)                \addtolength{\topmargin}{-8.67203pt}.

[8]
LaTeX Font Info:    Font shape `T1/Baskervaldx-TLF/b/it' will be
(Font)              scaled to size 10.0pt on input line 64.



Package fancyhdr Warning: \headheight is too small (12.0pt): 
(fancyhdr)                Make it at least 20.67203pt, for example:
(fancyhdr)                \setlength{\headheight}{20.67203pt}.
(fancyhdr)                You might also make \topmargin smaller:
(fancyhdr)                \addtolength{\topmargin}{-8.67203pt}.

[9]


Package fancyhdr Warning: \headheight is too small (12.0pt): 
(fancyhdr)                Make it at least 20.67203pt, for example:
(fancyhdr)                \setlength{\headheight}{20.67203pt}.
(fancyhdr)                You might also make \topmargin smaller:
(fancyhdr)                \addtolength{\topmargin}{-8.67203pt}.

[10]
LaTeX Font Info:    Font shape `T1/Baskervaldx-TLF/m/it' will be
(Font)              scaled to size 7.0pt on input line 141.
LaTeX Font Info:    Font shape `T1/Baskervaldx-TLF/m/it' will be
(Font)              scaled to size 5.0pt on input line 141.



Package fancyhdr Warning: \headheight is too small (12.0pt): 
(fancyhdr)                Make it at least 20.67203pt, for example:
(fancyhdr)                \setlength{\headheight}{20.67203pt}.
(fancyhdr)                You might also make \topmargin smaller:
(fancyhdr)                \addtolength{\topmargin}{-8.67203pt}.

[11]


Package fancyhdr Warning: \headheight is too small (12.0pt): 
(fancyhdr)                Make it at least 20.67203pt, for example:
(fancyhdr)                \setlength{\headheight}{20.67203pt}.
(fancyhdr)                You might also make \topmargin smaller:
(fancyhdr)                \addtolength{\topmargin}{-8.67203pt}.

[12]


Package fancyhdr Warning: \headheight is too small (12.0pt): 
(fancyhdr)                Make it at least 20.67203pt, for example:
(fancyhdr)                \setlength{\headheight}{20.67203pt}.
(fancyhdr)                You might also make \topmargin smaller:
(fancyhdr)                \addtolength{\topmargin}{-8.67203pt}.

[13]
LaTeX Font Info:    Font shape `T1/Baskervaldx-TLF/m/n' will be
(Font)              scaled to size 7.0pt on input line 273.
LaTeX Font Info:    Font shape `T1/Baskervaldx-TLF/m/n' will be
(Font)              scaled to size 5.0pt on input line 273.



Package fancyhdr Warning: \headheight is too small (12.0pt): 
(fancyhdr)                Make it at least 20.67203pt, for example:
(fancyhdr)                \setlength{\headheight}{20.67203pt}.
(fancyhdr)                You might also make \topmargin smaller:
(fancyhdr)                \addtolength{\topmargin}{-8.67203pt}.

[14]


Package fancyhdr Warning: \headheight is too small (12.0pt): 
(fancyhdr)                Make it at least 20.67203pt, for example:
(fancyhdr)                \setlength{\headheight}{20.67203pt}.
(fancyhdr)                You might also make \topmargin smaller:
(fancyhdr)                \addtolength{\topmargin}{-8.67203pt}.

[15]

LaTeX Warning: Hyper reference `G1958' on page 16 undefined on input line 314.




Package fancyhdr Warning: \headheight is too small (12.0pt): 
(fancyhdr)                Make it at least 20.67203pt, for example:
(fancyhdr)                \setlength{\headheight}{20.67203pt}.
(fancyhdr)                You might also make \topmargin smaller:
(fancyhdr)                \addtolength{\topmargin}{-8.67203pt}.

[16]


Package fancyhdr Warning: \headheight is too small (12.0pt): 
(fancyhdr)                Make it at least 20.67203pt, for example:
(fancyhdr)                \setlength{\headheight}{20.67203pt}.
(fancyhdr)                You might also make \topmargin smaller:
(fancyhdr)                \addtolength{\topmargin}{-8.67203pt}.

[17]
Overfull \hbox (16.57014pt too wide) in paragraph at lines 376--377
[]\T1/Baskervaldx-TLF/m/it/10 (-20) This mor-phism in-duces step-by-step (via [][]Equa-tion 1.3.1.5[][][]) iso-mor-phisms of graded com-plexes $\OML/cmm/m/it/10 E[]\OT1/cmr/m/n/10 ([](\OML/cmm/m/it/10 K\OT1/cmr/m/n/10 )) []
 []




Package fancyhdr Warning: \headheight is too small (12.0pt): 
(fancyhdr)                Make it at least 20.67203pt, for example:
(fancyhdr)                \setlength{\headheight}{20.67203pt}.
(fancyhdr)                You might also make \topmargin smaller:
(fancyhdr)                \addtolength{\topmargin}{-8.67203pt}.

[18]


Package fancyhdr Warning: \headheight is too small (12.0pt): 
(fancyhdr)                Make it at least 20.67203pt, for example:
(fancyhdr)                \setlength{\headheight}{20.67203pt}.
(fancyhdr)                You might also make \topmargin smaller:
(fancyhdr)                \addtolength{\topmargin}{-8.67203pt}.

[19]


Package fancyhdr Warning: \headheight is too small (12.0pt): 
(fancyhdr)                Make it at least 20.67203pt, for example:
(fancyhdr)                \setlength{\headheight}{20.67203pt}.
(fancyhdr)                You might also make \topmargin smaller:
(fancyhdr)                \addtolength{\topmargin}{-8.67203pt}.

[20]


Package fancyhdr Warning: \headheight is too small (12.0pt): 
(fancyhdr)                Make it at least 20.67203pt, for example:
(fancyhdr)                \setlength{\headheight}{20.67203pt}.
(fancyhdr)                You might also make \topmargin smaller:
(fancyhdr)                \addtolength{\topmargin}{-8.67203pt}.

[21]


Package fancyhdr Warning: \headheight is too small (12.0pt): 
(fancyhdr)                Make it at least 20.67203pt, for example:
(fancyhdr)                \setlength{\headheight}{20.67203pt}.
(fancyhdr)                You might also make \topmargin smaller:
(fancyhdr)                \addtolength{\topmargin}{-8.67203pt}.

[22]
Overfull \hbox (52.84288pt too wide) in paragraph at lines 636--637
[][] 
 []




Package fancyhdr Warning: \headheight is too small (12.0pt): 
(fancyhdr)                Make it at least 20.67203pt, for example:
(fancyhdr)                \setlength{\headheight}{20.67203pt}.
(fancyhdr)                You might also make \topmargin smaller:
(fancyhdr)                \addtolength{\topmargin}{-8.67203pt}.

[23]


Package fancyhdr Warning: \headheight is too small (12.0pt): 
(fancyhdr)                Make it at least 20.67203pt, for example:
(fancyhdr)                \setlength{\headheight}{20.67203pt}.
(fancyhdr)                You might also make \topmargin smaller:
(fancyhdr)                \addtolength{\topmargin}{-8.67203pt}.

[24]


Package fancyhdr Warning: \headheight is too small (12.0pt): 
(fancyhdr)                Make it at least 20.67203pt, for example:
(fancyhdr)                \setlength{\headheight}{20.67203pt}.
(fancyhdr)                You might also make \topmargin smaller:
(fancyhdr)                \addtolength{\topmargin}{-8.67203pt}.

[25]
pdfTeX warning (ext4): destination with the same identifier (name{chapter.2}) has been already used, duplicate ignored
<to be read again> 
                   \relax 
l.716 ...oof}\end{lemma}\chapter{Hodge structures}
                                                  \thispagestyle{fancy}\labe...
Chapter 2.



Package fancyhdr Warning: \headheight is too small (12.0pt): 
(fancyhdr)                Make it at least 20.67203pt, for example:
(fancyhdr)                \setlength{\headheight}{20.67203pt}.
(fancyhdr)                You might also make \topmargin smaller:
(fancyhdr)                \addtolength{\topmargin}{-8.67203pt}.

[26]


Package fancyhdr Warning: \headheight is too small (12.0pt): 
(fancyhdr)                Make it at least 20.67203pt, for example:
(fancyhdr)                \setlength{\headheight}{20.67203pt}.
(fancyhdr)                You might also make \topmargin smaller:
(fancyhdr)                \addtolength{\topmargin}{-8.67203pt}.

[27]


Package fancyhdr Warning: \headheight is too small (12.0pt): 
(fancyhdr)                Make it at least 20.67203pt, for example:
(fancyhdr)                \setlength{\headheight}{20.67203pt}.
(fancyhdr)                You might also make \topmargin smaller:
(fancyhdr)                \addtolength{\topmargin}{-8.67203pt}.

[28]

LaTeX Warning: Hyper reference `H1952' on page 29 undefined on input line 822.


LaTeX Warning: Hyper reference `W1958' on page 29 undefined on input line 822.


LaTeX Warning: Hyper reference `D1968' on page 29 undefined on input line 842.

LaTeX Font Info:    Font shape `U/esstixcal/m/n' will be
(Font)              scaled to size 10.0pt on input line 843.
LaTeX Font Info:    Font shape `U/esstixcal/m/n' will be
(Font)              scaled to size 7.0pt on input line 843.
LaTeX Font Info:    Font shape `U/esstixcal/m/n' will be
(Font)              scaled to size 5.0pt on input line 843.



Package fancyhdr Warning: \headheight is too small (12.0pt): 
(fancyhdr)                Make it at least 20.67203pt, for example:
(fancyhdr)                \setlength{\headheight}{20.67203pt}.
(fancyhdr)                You might also make \topmargin smaller:
(fancyhdr)                \addtolength{\topmargin}{-8.67203pt}.

[29]


Package fancyhdr Warning: \headheight is too small (12.0pt): 
(fancyhdr)                Make it at least 20.67203pt, for example:
(fancyhdr)                \setlength{\headheight}{20.67203pt}.
(fancyhdr)                You might also make \topmargin smaller:
(fancyhdr)                \addtolength{\topmargin}{-8.67203pt}.

[30]


Package fancyhdr Warning: \headheight is too small (12.0pt): 
(fancyhdr)                Make it at least 20.67203pt, for example:
(fancyhdr)                \setlength{\headheight}{20.67203pt}.
(fancyhdr)                You might also make \topmargin smaller:
(fancyhdr)                \addtolength{\topmargin}{-8.67203pt}.

[31]
pdfTeX warning (ext4): destination with the same identifier (name{chapter.3}) has been already used, duplicate ignored
<to be read again> 
                   \relax 
l.947 ...eory of non-singular algebraic varieties}
                                                  \thispagestyle{fancy}\labe...
Chapter 3.

LaTeX Warning: Hyper reference `D1970' on page 32 undefined on input line 948.




Package fancyhdr Warning: \headheight is too small (12.0pt): 
(fancyhdr)                Make it at least 20.67203pt, for example:
(fancyhdr)                \setlength{\headheight}{20.67203pt}.
(fancyhdr)                You might also make \topmargin smaller:
(fancyhdr)                \addtolength{\topmargin}{-8.67203pt}.

[32]


Package fancyhdr Warning: \headheight is too small (12.0pt): 
(fancyhdr)                Make it at least 20.67203pt, for example:
(fancyhdr)                \setlength{\headheight}{20.67203pt}.
(fancyhdr)                You might also make \topmargin smaller:
(fancyhdr)                \addtolength{\topmargin}{-8.67203pt}.

[33]

LaTeX Warning: Hyper reference `D1970' on page 34 undefined on input line 1002.


LaTeX Warning: Hyper reference `AH1955' on page 34 undefined on input line 1002.




Package fancyhdr Warning: \headheight is too small (12.0pt): 
(fancyhdr)                Make it at least 20.67203pt, for example:
(fancyhdr)                \setlength{\headheight}{20.67203pt}.
(fancyhdr)                You might also make \topmargin smaller:
(fancyhdr)                \addtolength{\topmargin}{-8.67203pt}.

[34]


Package fancyhdr Warning: \headheight is too small (12.0pt): 
(fancyhdr)                Make it at least 20.67203pt, for example:
(fancyhdr)                \setlength{\headheight}{20.67203pt}.
(fancyhdr)                You might also make \topmargin smaller:
(fancyhdr)                \addtolength{\topmargin}{-8.67203pt}.

[35]

LaTeX Warning: Hyper reference `G1969' on page 36 undefined on input line 1040.


LaTeX Warning: Hyper reference `D1970' on page 36 undefined on input line 1041.


LaTeX Warning: Hyper reference `N1962' on page 36 undefined on input line 1042.


LaTeX Warning: Hyper reference `H1964' on page 36 undefined on input line 1043.




Package fancyhdr Warning: \headheight is too small (12.0pt): 
(fancyhdr)                Make it at least 20.67203pt, for example:
(fancyhdr)                \setlength{\headheight}{20.67203pt}.
(fancyhdr)                You might also make \topmargin smaller:
(fancyhdr)                \addtolength{\topmargin}{-8.67203pt}.

[36]

LaTeX Warning: Hyper reference `D1968' on page 37 undefined on input line 1106.




Package fancyhdr Warning: \headheight is too small (12.0pt): 
(fancyhdr)                Make it at least 20.67203pt, for example:
(fancyhdr)                \setlength{\headheight}{20.67203pt}.
(fancyhdr)                You might also make \topmargin smaller:
(fancyhdr)                \addtolength{\topmargin}{-8.67203pt}.

[37]


Package fancyhdr Warning: \headheight is too small (12.0pt): 
(fancyhdr)                Make it at least 20.67203pt, for example:
(fancyhdr)                \setlength{\headheight}{20.67203pt}.
(fancyhdr)                You might also make \topmargin smaller:
(fancyhdr)                \addtolength{\topmargin}{-8.67203pt}.

[38]


Package fancyhdr Warning: \headheight is too small (12.0pt): 
(fancyhdr)                Make it at least 20.67203pt, for example:
(fancyhdr)                \setlength{\headheight}{20.67203pt}.
(fancyhdr)                You might also make \topmargin smaller:
(fancyhdr)                \addtolength{\topmargin}{-8.67203pt}.

[39]


Package fancyhdr Warning: \headheight is too small (12.0pt): 
(fancyhdr)                Make it at least 20.67203pt, for example:
(fancyhdr)                \setlength{\headheight}{20.67203pt}.
(fancyhdr)                You might also make \topmargin smaller:
(fancyhdr)                \addtolength{\topmargin}{-8.67203pt}.

[40]

LaTeX Warning: Hyper reference `G1968' on page 41 undefined on input line 1230.


pdfTeX warning (ext4): destination with the same identifier (name{chapter.4}) has been already used, duplicate ignored
<to be read again> 
                   \relax 
l.1233 ...k}\chapter{Applications and supplements}
                                                  \thispagestyle{fancy}\labe...
Chapter 4.

LaTeX Warning: Hyper reference `D1968' on page 41 undefined on input line 1249.


LaTeX Warning: Hyper reference `D1968' on page 41 undefined on input line 1250.


LaTeX Warning: Hyper reference `G1970' on page 41 undefined on input line 1250.




Package fancyhdr Warning: \headheight is too small (12.0pt): 
(fancyhdr)                Make it at least 20.67203pt, for example:
(fancyhdr)                \setlength{\headheight}{20.67203pt}.
(fancyhdr)                You might also make \topmargin smaller:
(fancyhdr)                \addtolength{\topmargin}{-8.67203pt}.

[41]


Package fancyhdr Warning: \headheight is too small (12.0pt): 
(fancyhdr)                Make it at least 20.67203pt, for example:
(fancyhdr)                \setlength{\headheight}{20.67203pt}.
(fancyhdr)                You might also make \topmargin smaller:
(fancyhdr)                \addtolength{\topmargin}{-8.67203pt}.

[42]

LaTeX Warning: Hyper reference `D1968' on page 43 undefined on input line 1310.




Package fancyhdr Warning: \headheight is too small (12.0pt): 
(fancyhdr)                Make it at least 20.67203pt, for example:
(fancyhdr)                \setlength{\headheight}{20.67203pt}.
(fancyhdr)                You might also make \topmargin smaller:
(fancyhdr)                \addtolength{\topmargin}{-8.67203pt}.

[43]

LaTeX Warning: Hyper reference `G1970' on page 44 undefined on input line 1321.


LaTeX Warning: Hyper reference `G1970' on page 44 undefined on input line 1323.


LaTeX Warning: Hyper reference `G1966' on page 44 undefined on input line 1328.


LaTeX Warning: Hyper reference `K1971' on page 44 undefined on input line 1332.




Package fancyhdr Warning: \headheight is too small (12.0pt): 
(fancyhdr)                Make it at least 20.67203pt, for example:
(fancyhdr)                \setlength{\headheight}{20.67203pt}.
(fancyhdr)                You might also make \topmargin smaller:
(fancyhdr)                \addtolength{\topmargin}{-8.67203pt}.

[44]


Package fancyhdr Warning: \headheight is too small (12.0pt): 
(fancyhdr)                Make it at least 20.67203pt, for example:
(fancyhdr)                \setlength{\headheight}{20.67203pt}.
(fancyhdr)                You might also make \topmargin smaller:
(fancyhdr)                \addtolength{\topmargin}{-8.67203pt}.

[45]

LaTeX Warning: Hyper reference `G1970' on page 46 undefined on input line 1494.




Package fancyhdr Warning: \headheight is too small (12.0pt): 
(fancyhdr)                Make it at least 20.67203pt, for example:
(fancyhdr)                \setlength{\headheight}{20.67203pt}.
(fancyhdr)                You might also make \topmargin smaller:
(fancyhdr)                \addtolength{\topmargin}{-8.67203pt}.

[46]


Package fancyhdr Warning: \headheight is too small (12.0pt): 
(fancyhdr)                Make it at least 20.67203pt, for example:
(fancyhdr)                \setlength{\headheight}{20.67203pt}.
(fancyhdr)                You might also make \topmargin smaller:
(fancyhdr)                \addtolength{\topmargin}{-8.67203pt}.

[47]


Package fancyhdr Warning: \headheight is too small (12.0pt): 
(fancyhdr)                Make it at least 20.67203pt, for example:
(fancyhdr)                \setlength{\headheight}{20.67203pt}.
(fancyhdr)                You might also make \topmargin smaller:
(fancyhdr)                \addtolength{\topmargin}{-8.67203pt}.

[48]


Package fancyhdr Warning: \headheight is too small (12.0pt): 
(fancyhdr)                Make it at least 20.67203pt, for example:
(fancyhdr)                \setlength{\headheight}{20.67203pt}.
(fancyhdr)                You might also make \topmargin smaller:
(fancyhdr)                \addtolength{\topmargin}{-8.67203pt}.

[49]

LaTeX Warning: Hyper reference `D1968' on page 50 undefined on input line 1665.




Package fancyhdr Warning: \headheight is too small (12.0pt): 
(fancyhdr)                Make it at least 20.67203pt, for example:
(fancyhdr)                \setlength{\headheight}{20.67203pt}.
(fancyhdr)                You might also make \topmargin smaller:
(fancyhdr)                \addtolength{\topmargin}{-8.67203pt}.

[50]


Package fancyhdr Warning: \headheight is too small (12.0pt): 
(fancyhdr)                Make it at least 20.67203pt, for example:
(fancyhdr)                \setlength{\headheight}{20.67203pt}.
(fancyhdr)                You might also make \topmargin smaller:
(fancyhdr)                \addtolength{\topmargin}{-8.67203pt}.

[51]


Package fancyhdr Warning: \headheight is too small (12.0pt): 
(fancyhdr)                Make it at least 20.67203pt, for example:
(fancyhdr)                \setlength{\headheight}{20.67203pt}.
(fancyhdr)                You might also make \topmargin smaller:
(fancyhdr)                \addtolength{\topmargin}{-8.67203pt}.

[52]


Package fancyhdr Warning: \headheight is too small (12.0pt): 
(fancyhdr)                Make it at least 20.67203pt, for example:
(fancyhdr)                \setlength{\headheight}{20.67203pt}.
(fancyhdr)                You might also make \topmargin smaller:
(fancyhdr)                \addtolength{\topmargin}{-8.67203pt}.

[53]


Package fancyhdr Warning: \headheight is too small (12.0pt): 
(fancyhdr)                Make it at least 20.67203pt, for example:
(fancyhdr)                \setlength{\headheight}{20.67203pt}.
(fancyhdr)                You might also make \topmargin smaller:
(fancyhdr)                \addtolength{\topmargin}{-8.67203pt}.

[54]


Package fancyhdr Warning: \headheight is too small (12.0pt): 
(fancyhdr)                Make it at least 20.67203pt, for example:
(fancyhdr)                \setlength{\headheight}{20.67203pt}.
(fancyhdr)                You might also make \topmargin smaller:
(fancyhdr)                \addtolength{\topmargin}{-8.67203pt}.

[55]


Package fancyhdr Warning: \headheight is too small (12.0pt): 
(fancyhdr)                Make it at least 20.67203pt, for example:
(fancyhdr)                \setlength{\headheight}{20.67203pt}.
(fancyhdr)                You might also make \topmargin smaller:
(fancyhdr)                \addtolength{\topmargin}{-8.67203pt}.

[56])


Package fancyhdr Warning: \headheight is too small (12.0pt): 
(fancyhdr)                Make it at least 20.67203pt, for example:
(fancyhdr)                \setlength{\headheight}{20.67203pt}.
(fancyhdr)                You might also make \topmargin smaller:
(fancyhdr)                \addtolength{\topmargin}{-8.67203pt}.

[57]
\openout2 = `hodge-theory-iii.aux'.

 (./hodge-theory-iii.tex
pdfTeX warning (ext4): destination with the same identifier (name{chapter.5}) has been already used, duplicate ignored
<to be read again> 
                   \relax 
l.4 ...ions.ias.edu/node/361\chapter{Introduction}
                                                  \thispagestyle{fancy}\labe...
Chapter 5.

LaTeX Warning: Hyper reference `SD' on page 58 undefined on input line 32.




Package fancyhdr Warning: \headheight is too small (12.0pt): 
(fancyhdr)                Make it at least 20.67203pt, for example:
(fancyhdr)                \setlength{\headheight}{20.67203pt}.
(fancyhdr)                You might also make \topmargin smaller:
(fancyhdr)                \addtolength{\topmargin}{-8.67203pt}.

[58




]

LaTeX Warning: Hyper reference `G1970a' on page 59 undefined on input line 62.


pdfTeX warning (ext4): destination with the same identifier (name{chapter.6}) has been already used, duplicate ignored
<to be read again> 
                   \relax 
l.63 ...omplete.\chapter{Terminology and notation}
                                                  \thispagestyle{fancy}\labe...
Chapter 6.

pdfTeX warning (ext4): destination with the same identifier (name{chapter.7}) has been already used, duplicate ignored
<to be read again> 
                   \relax 
l.69 ...hrm {an}\).\chapter{Cohomological descent}
                                                  \thispagestyle{fancy}\labe...
Chapter 7.



Package fancyhdr Warning: \headheight is too small (12.0pt): 
(fancyhdr)                Make it at least 20.67203pt, for example:
(fancyhdr)                \setlength{\headheight}{20.67203pt}.
(fancyhdr)                You might also make \topmargin smaller:
(fancyhdr)                \addtolength{\topmargin}{-8.67203pt}.

[59]


Package fancyhdr Warning: \headheight is too small (12.0pt): 
(fancyhdr)                Make it at least 20.67203pt, for example:
(fancyhdr)                \setlength{\headheight}{20.67203pt}.
(fancyhdr)                You might also make \topmargin smaller:
(fancyhdr)                \addtolength{\topmargin}{-8.67203pt}.

[60]


Package fancyhdr Warning: \headheight is too small (12.0pt): 
(fancyhdr)                Make it at least 20.67203pt, for example:
(fancyhdr)                \setlength{\headheight}{20.67203pt}.
(fancyhdr)                You might also make \topmargin smaller:
(fancyhdr)                \addtolength{\topmargin}{-8.67203pt}.

[61]


Package fancyhdr Warning: \headheight is too small (12.0pt): 
(fancyhdr)                Make it at least 20.67203pt, for example:
(fancyhdr)                \setlength{\headheight}{20.67203pt}.
(fancyhdr)                You might also make \topmargin smaller:
(fancyhdr)                \addtolength{\topmargin}{-8.67203pt}.

[62]

LaTeX Warning: Hyper reference `S1968' on page 63 undefined on input line 250.




Package fancyhdr Warning: \headheight is too small (12.0pt): 
(fancyhdr)                Make it at least 20.67203pt, for example:
(fancyhdr)                \setlength{\headheight}{20.67203pt}.
(fancyhdr)                You might also make \topmargin smaller:
(fancyhdr)                \addtolength{\topmargin}{-8.67203pt}.

[63]


Package fancyhdr Warning: \headheight is too small (12.0pt): 
(fancyhdr)                Make it at least 20.67203pt, for example:
(fancyhdr)                \setlength{\headheight}{20.67203pt}.
(fancyhdr)                You might also make \topmargin smaller:
(fancyhdr)                \addtolength{\topmargin}{-8.67203pt}.

[64]


Package fancyhdr Warning: \headheight is too small (12.0pt): 
(fancyhdr)                Make it at least 20.67203pt, for example:
(fancyhdr)                \setlength{\headheight}{20.67203pt}.
(fancyhdr)                You might also make \topmargin smaller:
(fancyhdr)                \addtolength{\topmargin}{-8.67203pt}.

[65]

LaTeX Warning: Hyper reference `SD' on page 66 undefined on input line 334.




Package fancyhdr Warning: \headheight is too small (12.0pt): 
(fancyhdr)                Make it at least 20.67203pt, for example:
(fancyhdr)                \setlength{\headheight}{20.67203pt}.
(fancyhdr)                You might also make \topmargin smaller:
(fancyhdr)                \addtolength{\topmargin}{-8.67203pt}.

[66]
pdfTeX warning (ext4): destination with the same identifier (name{chapter.8}) has been already used, duplicate ignored
<to be read again> 
                   \relax 
l.388 ...xamples of simplicial topological spaces}
                                                  \thispagestyle{fancy}\labe...
Chapter 8.



Package fancyhdr Warning: \headheight is too small (12.0pt): 
(fancyhdr)                Make it at least 20.67203pt, for example:
(fancyhdr)                \setlength{\headheight}{20.67203pt}.
(fancyhdr)                You might also make \topmargin smaller:
(fancyhdr)                \addtolength{\topmargin}{-8.67203pt}.

[67]


Package fancyhdr Warning: \headheight is too small (12.0pt): 
(fancyhdr)                Make it at least 20.67203pt, for example:
(fancyhdr)                \setlength{\headheight}{20.67203pt}.
(fancyhdr)                You might also make \topmargin smaller:
(fancyhdr)                \addtolength{\topmargin}{-8.67203pt}.

[68]

LaTeX Warning: Hyper reference `Q1968' on page 69 undefined on input line 471.


LaTeX Warning: Hyper reference `D1968' on page 69 undefined on input line 508.


LaTeX Warning: Hyper reference `G1970' on page 69 undefined on input line 508.


LaTeX Warning: Hyper reference `B1956' on page 69 undefined on input line 508.




Package fancyhdr Warning: \headheight is too small (12.0pt): 
(fancyhdr)                Make it at least 20.67203pt, for example:
(fancyhdr)                \setlength{\headheight}{20.67203pt}.
(fancyhdr)                You might also make \topmargin smaller:
(fancyhdr)                \addtolength{\topmargin}{-8.67203pt}.

[69]

LaTeX Warning: Hyper reference `SD' on page 70 undefined on input line 553.




Package fancyhdr Warning: \headheight is too small (12.0pt): 
(fancyhdr)                Make it at least 20.67203pt, for example:
(fancyhdr)                \setlength{\headheight}{20.67203pt}.
(fancyhdr)                You might also make \topmargin smaller:
(fancyhdr)                \addtolength{\topmargin}{-8.67203pt}.

[70]

LaTeX Warning: Hyper reference `SD' on page 71 undefined on input line 632.




Package fancyhdr Warning: \headheight is too small (12.0pt): 
(fancyhdr)                Make it at least 20.67203pt, for example:
(fancyhdr)                \setlength{\headheight}{20.67203pt}.
(fancyhdr)                You might also make \topmargin smaller:
(fancyhdr)                \addtolength{\topmargin}{-8.67203pt}.

[71]
Package microtype Info: Loading generic protrusion settings for font family
(microtype)             `cmss' (encoding: OT1).
(microtype)             For optimal results, create family-specific settings.
(microtype)             See the microtype manual for details.



Package fancyhdr Warning: \headheight is too small (12.0pt): 
(fancyhdr)                Make it at least 20.67203pt, for example:
(fancyhdr)                \setlength{\headheight}{20.67203pt}.
(fancyhdr)                You might also make \topmargin smaller:
(fancyhdr)                \addtolength{\topmargin}{-8.67203pt}.

[72]

LaTeX Warning: Hyper reference `SD' on page 73 undefined on input line 688.


LaTeX Warning: Hyper reference `SD' on page 73 undefined on input line 691.


pdfTeX warning (ext4): destination with the same identifier (name{chapter.9}) has been already used, duplicate ignored
<to be read again> 
                   \relax 
l.708 ...tis mutandis.\chapter{Supplements to §1}
                                                  \thispagestyle{fancy}\labe...
Chapter 9.



Package fancyhdr Warning: \headheight is too small (12.0pt): 
(fancyhdr)                Make it at least 20.67203pt, for example:
(fancyhdr)                \setlength{\headheight}{20.67203pt}.
(fancyhdr)                You might also make \topmargin smaller:
(fancyhdr)                \addtolength{\topmargin}{-8.67203pt}.

[73]


Package fancyhdr Warning: \headheight is too small (12.0pt): 
(fancyhdr)                Make it at least 20.67203pt, for example:
(fancyhdr)                \setlength{\headheight}{20.67203pt}.
(fancyhdr)                You might also make \topmargin smaller:
(fancyhdr)                \addtolength{\topmargin}{-8.67203pt}.

[74]
Overfull \hbox (19.6463pt too wide) in paragraph at lines 748--749
[]\T1/Baskervaldx-TLF/m/n/10 (-20) The func-tor $\OT1/cmr/m/n/10 (\OML/cmm/m/it/10 K; W\OT1/cmr/m/n/10 ) \OMS/cmsy/m/n/10 7! \OT1/cmr/m/n/10 (s\OML/cmm/m/it/10 K; ^^N\OT1/cmr/m/n/10 (\OML/cmm/m/it/10 W; L\OT1/cmr/m/n/10 ))$ \T1/Baskervaldx-TLF/m/n/10 (-20) sends fil-tered quasi-isomorphisms to fil-tered quasi-isomorphisms,
 []




Package fancyhdr Warning: \headheight is too small (12.0pt): 
(fancyhdr)                Make it at least 20.67203pt, for example:
(fancyhdr)                \setlength{\headheight}{20.67203pt}.
(fancyhdr)                You might also make \topmargin smaller:
(fancyhdr)                \addtolength{\topmargin}{-8.67203pt}.

[75]
Overfull \hbox (6.26765pt too wide) in paragraph at lines 805--806
[]$\OT1/cmr/m/n/10 (\OMS/cmsy/m/n/10 ^^C\OT1/cmr/m/n/10 )[]$ \T1/Baskervaldx-TLF/m/it/10 (-20) If $\OML/cmm/m/it/10 r \U/msa/m/n/10 6 \OML/cmm/m/it/10 r[]$\T1/Baskervaldx-TLF/m/it/10 (-20) , then $\OML/cmm/m/it/10 E[]\OT1/cmr/m/n/10 (\OML/cmm/m/it/10 F[]K; W\OT1/cmr/m/n/10 )$ \T1/Baskervaldx-TLF/m/it/10 (-20) in-jects into $\OML/cmm/m/it/10 E[]\OT1/cmr/m/n/10 (\OML/cmm/m/it/10 K; W\OT1/cmr/m/n/10 )$\T1/Baskervaldx-TLF/m/it/10 (-20) ; if $\OML/cmm/m/it/10 r \U/msa/m/n/10 6 \OML/cmm/m/it/10 r[] \OT1/cmr/m/n/10 + 1$\T1/Baskervaldx-TLF/m/it/10 (-20) , then its im-age is $\OML/cmm/m/it/10 F[]\OT1/cmr/m/n/10 (\OML/cmm/m/it/10 E[]\OT1/cmr/m/n/10 (\OML/cmm/m/it/10 K; W\OT1/cmr/m/n/10 ))$\T1/Baskervaldx-TLF/m/it/10 (-20) . 
 []




Package fancyhdr Warning: \headheight is too small (12.0pt): 
(fancyhdr)                Make it at least 20.67203pt, for example:
(fancyhdr)                \setlength{\headheight}{20.67203pt}.
(fancyhdr)                You might also make \topmargin smaller:
(fancyhdr)                \addtolength{\topmargin}{-8.67203pt}.

[76]
Overfull \hbox (36.01271pt too wide) in paragraph at lines 867--868
[][] 
 []




Package fancyhdr Warning: \headheight is too small (12.0pt): 
(fancyhdr)                Make it at least 20.67203pt, for example:
(fancyhdr)                \setlength{\headheight}{20.67203pt}.
(fancyhdr)                You might also make \topmargin smaller:
(fancyhdr)                \addtolength{\topmargin}{-8.67203pt}.

[77]
Chapter 10.



Package fancyhdr Warning: \headheight is too small (12.0pt): 
(fancyhdr)                Make it at least 20.67203pt, for example:
(fancyhdr)                \setlength{\headheight}{20.67203pt}.
(fancyhdr)                You might also make \topmargin smaller:
(fancyhdr)                \addtolength{\topmargin}{-8.67203pt}.

[78]


Package fancyhdr Warning: \headheight is too small (12.0pt): 
(fancyhdr)                Make it at least 20.67203pt, for example:
(fancyhdr)                \setlength{\headheight}{20.67203pt}.
(fancyhdr)                You might also make \topmargin smaller:
(fancyhdr)                \addtolength{\topmargin}{-8.67203pt}.

[79]


Package fancyhdr Warning: \headheight is too small (12.0pt): 
(fancyhdr)                Make it at least 20.67203pt, for example:
(fancyhdr)                \setlength{\headheight}{20.67203pt}.
(fancyhdr)                You might also make \topmargin smaller:
(fancyhdr)                \addtolength{\topmargin}{-8.67203pt}.

[80]
Overfull \hbox (21.08049pt too wide) in paragraph at lines 1092--1093
[]\T1/Baskervaldx-TLF/m/n/10 (-20) a bi-fil-tered com-plex $\OT1/cmr/m/n/10 (\OML/cmm/m/it/10 K[]; W; F\OT1/cmr/m/n/10 ) \OMS/cmsy/m/n/10 2 [] \OT1/cmr/m/n/10 D[]\OML/cmm/m/it/10 F[]\OT1/cmr/m/n/10 (\OML/cmm/m/it/10 X[]; \U/msb/m/n/10 C\OT1/cmr/m/n/10 )$\T1/Baskervaldx-TLF/m/n/10 (-20) , and an iso-mor-phism $\OT1/cmr/m/n/10 (\OML/cmm/m/it/10 K[]; W\OT1/cmr/m/n/10 ) \OMS/cmsy/m/n/10 ' \OT1/cmr/m/n/10 (\OML/cmm/m/it/10 K[]; W\OT1/cmr/m/n/10 ) \OMS/cmsy/m/n/10 

 []




Package fancyhdr Warning: \headheight is too small (12.0pt): 
(fancyhdr)                Make it at least 20.67203pt, for example:
(fancyhdr)                \setlength{\headheight}{20.67203pt}.
(fancyhdr)                You might also make \topmargin smaller:
(fancyhdr)                \addtolength{\topmargin}{-8.67203pt}.

[81]

LaTeX Font Warning: Command \small invalid in math mode on input line 1155.

LaTeX Font Info:    Font shape `T1/Baskervaldx-TLF/m/it' will be
(Font)              scaled to size 9.0pt on input line 1155.
LaTeX Font Info:    Font shape `U/esstixcal/m/n' will be
(Font)              scaled to size 9.0pt on input line 1155.
LaTeX Font Info:    Font shape `U/esstixcal/m/n' will be
(Font)              scaled to size 6.0pt on input line 1155.
LaTeX Font Info:    Font shape `U/rsfs/m/n' will be
(Font)              scaled to size 9.0pt on input line 1155.
LaTeX Font Info:    Font shape `U/rsfs/m/n' will be
(Font)              scaled to size 6.0pt on input line 1155.



Package fancyhdr Warning: \headheight is too small (12.0pt): 
(fancyhdr)                Make it at least 20.67203pt, for example:
(fancyhdr)                \setlength{\headheight}{20.67203pt}.
(fancyhdr)                You might also make \topmargin smaller:
(fancyhdr)                \addtolength{\topmargin}{-8.67203pt}.

[82]


Package fancyhdr Warning: \headheight is too small (12.0pt): 
(fancyhdr)                Make it at least 20.67203pt, for example:
(fancyhdr)                \setlength{\headheight}{20.67203pt}.
(fancyhdr)                You might also make \topmargin smaller:
(fancyhdr)                \addtolength{\topmargin}{-8.67203pt}.

[83]

LaTeX Font Warning: Command \small invalid in math mode on input line 1304.




Package fancyhdr Warning: \headheight is too small (12.0pt): 
(fancyhdr)                Make it at least 20.67203pt, for example:
(fancyhdr)                \setlength{\headheight}{20.67203pt}.
(fancyhdr)                You might also make \topmargin smaller:
(fancyhdr)                \addtolength{\topmargin}{-8.67203pt}.

[84]


Package fancyhdr Warning: \headheight is too small (12.0pt): 
(fancyhdr)                Make it at least 20.67203pt, for example:
(fancyhdr)                \setlength{\headheight}{20.67203pt}.
(fancyhdr)                You might also make \topmargin smaller:
(fancyhdr)                \addtolength{\topmargin}{-8.67203pt}.

[85]


Package fancyhdr Warning: \headheight is too small (12.0pt): 
(fancyhdr)                Make it at least 20.67203pt, for example:
(fancyhdr)                \setlength{\headheight}{20.67203pt}.
(fancyhdr)                You might also make \topmargin smaller:
(fancyhdr)                \addtolength{\topmargin}{-8.67203pt}.

[86]


Package fancyhdr Warning: \headheight is too small (12.0pt): 
(fancyhdr)                Make it at least 20.67203pt, for example:
(fancyhdr)                \setlength{\headheight}{20.67203pt}.
(fancyhdr)                You might also make \topmargin smaller:
(fancyhdr)                \addtolength{\topmargin}{-8.67203pt}.

[87]


Package fancyhdr Warning: \headheight is too small (12.0pt): 
(fancyhdr)                Make it at least 20.67203pt, for example:
(fancyhdr)                \setlength{\headheight}{20.67203pt}.
(fancyhdr)                You might also make \topmargin smaller:
(fancyhdr)                \addtolength{\topmargin}{-8.67203pt}.

[88]

LaTeX Warning: Hyper reference `G1968' on page 89 undefined on input line 1529.




Package fancyhdr Warning: \headheight is too small (12.0pt): 
(fancyhdr)                Make it at least 20.67203pt, for example:
(fancyhdr)                \setlength{\headheight}{20.67203pt}.
(fancyhdr)                You might also make \topmargin smaller:
(fancyhdr)                \addtolength{\topmargin}{-8.67203pt}.

[89]


Package fancyhdr Warning: \headheight is too small (12.0pt): 
(fancyhdr)                Make it at least 20.67203pt, for example:
(fancyhdr)                \setlength{\headheight}{20.67203pt}.
(fancyhdr)                You might also make \topmargin smaller:
(fancyhdr)                \addtolength{\topmargin}{-8.67203pt}.

[90]


Package fancyhdr Warning: \headheight is too small (12.0pt): 
(fancyhdr)                Make it at least 20.67203pt, for example:
(fancyhdr)                \setlength{\headheight}{20.67203pt}.
(fancyhdr)                You might also make \topmargin smaller:
(fancyhdr)                \addtolength{\topmargin}{-8.67203pt}.

[91]


Package fancyhdr Warning: \headheight is too small (12.0pt): 
(fancyhdr)                Make it at least 20.67203pt, for example:
(fancyhdr)                \setlength{\headheight}{20.67203pt}.
(fancyhdr)                You might also make \topmargin smaller:
(fancyhdr)                \addtolength{\topmargin}{-8.67203pt}.

[92]
Chapter 11.



Package fancyhdr Warning: \headheight is too small (12.0pt): 
(fancyhdr)                Make it at least 20.67203pt, for example:
(fancyhdr)                \setlength{\headheight}{20.67203pt}.
(fancyhdr)                You might also make \topmargin smaller:
(fancyhdr)                \addtolength{\topmargin}{-8.67203pt}.

[93]


Package fancyhdr Warning: \headheight is too small (12.0pt): 
(fancyhdr)                Make it at least 20.67203pt, for example:
(fancyhdr)                \setlength{\headheight}{20.67203pt}.
(fancyhdr)                You might also make \topmargin smaller:
(fancyhdr)                \addtolength{\topmargin}{-8.67203pt}.

[94]


Package fancyhdr Warning: \headheight is too small (12.0pt): 
(fancyhdr)                Make it at least 20.67203pt, for example:
(fancyhdr)                \setlength{\headheight}{20.67203pt}.
(fancyhdr)                You might also make \topmargin smaller:
(fancyhdr)                \addtolength{\topmargin}{-8.67203pt}.

[95]

LaTeX Warning: Hyper reference `G1969' on page 96 undefined on input line 1880.




Package fancyhdr Warning: \headheight is too small (12.0pt): 
(fancyhdr)                Make it at least 20.67203pt, for example:
(fancyhdr)                \setlength{\headheight}{20.67203pt}.
(fancyhdr)                You might also make \topmargin smaller:
(fancyhdr)                \addtolength{\topmargin}{-8.67203pt}.

[96]
Overfull \hbox (15.98363pt too wide) in paragraph at lines 1892--1894
[]\T1/Baskervaldx-TLF/m/n/10 (-20) The Leray spec-tral se-quence for $\OML/cmm/m/it/10 j$ \T1/Baskervaldx-TLF/m/n/10 (-20) is also the spec-tral se-quence of the fil-tered com-plex $\OT1/cmr/m/n/10 (
[]([] \OML/cmm/m/it/10 Y\OT1/cmr/m/n/10 )\OML/cmm/m/it/10 ; W\OT1/cmr/m/n/10 )$\T1/Baskervaldx-TLF/m/n/10 (-20) ;
 []




Package fancyhdr Warning: \headheight is too small (12.0pt): 
(fancyhdr)                Make it at least 20.67203pt, for example:
(fancyhdr)                \setlength{\headheight}{20.67203pt}.
(fancyhdr)                You might also make \topmargin smaller:
(fancyhdr)                \addtolength{\topmargin}{-8.67203pt}.

[97]

LaTeX Warning: Hyper reference `G1969' on page 98 undefined on input line 1925.


LaTeX Warning: Hyper reference `BH1969' on page 98 undefined on input line 1972.




Package fancyhdr Warning: \headheight is too small (12.0pt): 
(fancyhdr)                Make it at least 20.67203pt, for example:
(fancyhdr)                \setlength{\headheight}{20.67203pt}.
(fancyhdr)                You might also make \topmargin smaller:
(fancyhdr)                \addtolength{\topmargin}{-8.67203pt}.

[98]
Overfull \hbox (53.46063pt too wide) detected at line 2048
  $\U/rsfs/m/n/10 F\OT1/cmr/m/n/10 ([][] \OML/cmm/m/it/10 a[]D[]\OT1/cmr/m/n/10 ) = []$ 
 []




Package fancyhdr Warning: \headheight is too small (12.0pt): 
(fancyhdr)                Make it at least 20.67203pt, for example:
(fancyhdr)                \setlength{\headheight}{20.67203pt}.
(fancyhdr)                You might also make \topmargin smaller:
(fancyhdr)                \addtolength{\topmargin}{-8.67203pt}.

[99]

LaTeX Warning: Hyper reference `G1966' on page 100 undefined on input line 2107.




Package fancyhdr Warning: \headheight is too small (12.0pt): 
(fancyhdr)                Make it at least 20.67203pt, for example:
(fancyhdr)                \setlength{\headheight}{20.67203pt}.
(fancyhdr)                You might also make \topmargin smaller:
(fancyhdr)                \addtolength{\topmargin}{-8.67203pt}.

[100]
Chapter 12.
LaTeX Font Info:    Font shape `U/esstixcal/m/n' will be
(Font)              scaled to size 14.4pt on input line 2126.
LaTeX Font Info:    Font shape `U/rsfs/m/n' will be
(Font)              scaled to size 14.4pt on input line 2126.

Package hyperref Warning: Token not allowed in a PDF string (Unicode):
(hyperref)                removing `math shift' on input line 2126.


Package hyperref Warning: Token not allowed in a PDF string (Unicode):
(hyperref)                removing `\leqslant' on input line 2126.




Package fancyhdr Warning: \headheight is too small (12.0pt): 
(fancyhdr)                Make it at least 20.67203pt, for example:
(fancyhdr)                \setlength{\headheight}{20.67203pt}.
(fancyhdr)                You might also make \topmargin smaller:
(fancyhdr)                \addtolength{\topmargin}{-8.67203pt}.

[101]


Package fancyhdr Warning: \headheight is too small (12.0pt): 
(fancyhdr)                Make it at least 20.67203pt, for example:
(fancyhdr)                \setlength{\headheight}{20.67203pt}.
(fancyhdr)                You might also make \topmargin smaller:
(fancyhdr)                \addtolength{\topmargin}{-8.67203pt}.

[102]


Package fancyhdr Warning: \headheight is too small (12.0pt): 
(fancyhdr)                Make it at least 20.67203pt, for example:
(fancyhdr)                \setlength{\headheight}{20.67203pt}.
(fancyhdr)                You might also make \topmargin smaller:
(fancyhdr)                \addtolength{\topmargin}{-8.67203pt}.

[103]


Package fancyhdr Warning: \headheight is too small (12.0pt): 
(fancyhdr)                Make it at least 20.67203pt, for example:
(fancyhdr)                \setlength{\headheight}{20.67203pt}.
(fancyhdr)                You might also make \topmargin smaller:
(fancyhdr)                \addtolength{\topmargin}{-8.67203pt}.

[104]


Package fancyhdr Warning: \headheight is too small (12.0pt): 
(fancyhdr)                Make it at least 20.67203pt, for example:
(fancyhdr)                \setlength{\headheight}{20.67203pt}.
(fancyhdr)                You might also make \topmargin smaller:
(fancyhdr)                \addtolength{\topmargin}{-8.67203pt}.

[105]


Package fancyhdr Warning: \headheight is too small (12.0pt): 
(fancyhdr)                Make it at least 20.67203pt, for example:
(fancyhdr)                \setlength{\headheight}{20.67203pt}.
(fancyhdr)                You might also make \topmargin smaller:
(fancyhdr)                \addtolength{\topmargin}{-8.67203pt}.

[106]


Package fancyhdr Warning: \headheight is too small (12.0pt): 
(fancyhdr)                Make it at least 20.67203pt, for example:
(fancyhdr)                \setlength{\headheight}{20.67203pt}.
(fancyhdr)                You might also make \topmargin smaller:
(fancyhdr)                \addtolength{\topmargin}{-8.67203pt}.

[107]


Package fancyhdr Warning: \headheight is too small (12.0pt): 
(fancyhdr)                Make it at least 20.67203pt, for example:
(fancyhdr)                \setlength{\headheight}{20.67203pt}.
(fancyhdr)                You might also make \topmargin smaller:
(fancyhdr)                \addtolength{\topmargin}{-8.67203pt}.

[108]
Overfull \hbox (9.58055pt too wide) in paragraph at lines 2516--2516
\T1/Baskervaldx-TLF/b/n/10 (-20) Lemma 10.2.3.7. [][]\T1/Baskervaldx-TLF/m/it/10 (-20) With the above no-ta-tion, we have that $[][]\OT1/cmr/m/n/10 (\OML/cmm/m/it/10 K[]; K[]\OT1/cmr/m/n/10 ; \U/msb/m/n/10 G[]\OT1/cmr/m/n/10 ) = 0$\T1/Baskervaldx-TLF/m/it/10 (-20) , and $[][]\OT1/cmr/m/n/10 (\OML/cmm/m/it/10 K[]; K[]\OT1/cmr/m/n/10 ; \U/msb/m/n/10 G[]\OT1/cmr/m/n/10 )$
 []




Package fancyhdr Warning: \headheight is too small (12.0pt): 
(fancyhdr)                Make it at least 20.67203pt, for example:
(fancyhdr)                \setlength{\headheight}{20.67203pt}.
(fancyhdr)                You might also make \topmargin smaller:
(fancyhdr)                \addtolength{\topmargin}{-8.67203pt}.

[109]


Package fancyhdr Warning: \headheight is too small (12.0pt): 
(fancyhdr)                Make it at least 20.67203pt, for example:
(fancyhdr)                \setlength{\headheight}{20.67203pt}.
(fancyhdr)                You might also make \topmargin smaller:
(fancyhdr)                \addtolength{\topmargin}{-8.67203pt}.

[110]


Package fancyhdr Warning: \headheight is too small (12.0pt): 
(fancyhdr)                Make it at least 20.67203pt, for example:
(fancyhdr)                \setlength{\headheight}{20.67203pt}.
(fancyhdr)                You might also make \topmargin smaller:
(fancyhdr)                \addtolength{\topmargin}{-8.67203pt}.

[111]


Package fancyhdr Warning: \headheight is too small (12.0pt): 
(fancyhdr)                Make it at least 20.67203pt, for example:
(fancyhdr)                \setlength{\headheight}{20.67203pt}.
(fancyhdr)                You might also make \topmargin smaller:
(fancyhdr)                \addtolength{\topmargin}{-8.67203pt}.

[112]


Package fancyhdr Warning: \headheight is too small (12.0pt): 
(fancyhdr)                Make it at least 20.67203pt, for example:
(fancyhdr)                \setlength{\headheight}{20.67203pt}.
(fancyhdr)                You might also make \topmargin smaller:
(fancyhdr)                \addtolength{\topmargin}{-8.67203pt}.

[113]


Package fancyhdr Warning: \headheight is too small (12.0pt): 
(fancyhdr)                Make it at least 20.67203pt, for example:
(fancyhdr)                \setlength{\headheight}{20.67203pt}.
(fancyhdr)                You might also make \topmargin smaller:
(fancyhdr)                \addtolength{\topmargin}{-8.67203pt}.

[114]
LaTeX Font Info:    Font shape `U/esstixcal/m/n' will be
(Font)              scaled to size 12.0pt on input line 2812.
LaTeX Font Info:    Font shape `U/esstixcal/m/n' will be
(Font)              scaled to size 8.0pt on input line 2812.
LaTeX Font Info:    Font shape `U/rsfs/m/n' will be
(Font)              scaled to size 12.0pt on input line 2812.
LaTeX Font Info:    Font shape `U/rsfs/m/n' will be
(Font)              scaled to size 8.0pt on input line 2812.


Package hyperref Warning: Token not allowed in a PDF string (Unicode):
(hyperref)                removing `math shift' on input line 2812.


Package hyperref Warning: Token not allowed in a PDF string (Unicode):
(hyperref)                removing `\new@ifnextchar' on input line 2812.


Package hyperref Warning: Token not allowed in a PDF string (Unicode):
(hyperref)                removing `superscript' on input line 2812.




Package fancyhdr Warning: \headheight is too small (12.0pt): 
(fancyhdr)                Make it at least 20.67203pt, for example:
(fancyhdr)                \setlength{\headheight}{20.67203pt}.
(fancyhdr)                You might also make \topmargin smaller:
(fancyhdr)                \addtolength{\topmargin}{-8.67203pt}.

[115]


Package fancyhdr Warning: \headheight is too small (12.0pt): 
(fancyhdr)                Make it at least 20.67203pt, for example:
(fancyhdr)                \setlength{\headheight}{20.67203pt}.
(fancyhdr)                You might also make \topmargin smaller:
(fancyhdr)                \addtolength{\topmargin}{-8.67203pt}.

[116]
Overfull \hbox (92.66753pt too wide) in paragraph at lines 2959--2959
[][] 
 []




Package fancyhdr Warning: \headheight is too small (12.0pt): 
(fancyhdr)                Make it at least 20.67203pt, for example:
(fancyhdr)                \setlength{\headheight}{20.67203pt}.
(fancyhdr)                You might also make \topmargin smaller:
(fancyhdr)                \addtolength{\topmargin}{-8.67203pt}.

[117]


Package fancyhdr Warning: \headheight is too small (12.0pt): 
(fancyhdr)                Make it at least 20.67203pt, for example:
(fancyhdr)                \setlength{\headheight}{20.67203pt}.
(fancyhdr)                You might also make \topmargin smaller:
(fancyhdr)                \addtolength{\topmargin}{-8.67203pt}.

[118]


Package fancyhdr Warning: \headheight is too small (12.0pt): 
(fancyhdr)                Make it at least 20.67203pt, for example:
(fancyhdr)                \setlength{\headheight}{20.67203pt}.
(fancyhdr)                You might also make \topmargin smaller:
(fancyhdr)                \addtolength{\topmargin}{-8.67203pt}.

[119]

LaTeX Warning: Hyper reference `G1968' on page 120 undefined on input line 3063.




Package fancyhdr Warning: \headheight is too small (12.0pt): 
(fancyhdr)                Make it at least 20.67203pt, for example:
(fancyhdr)                \setlength{\headheight}{20.67203pt}.
(fancyhdr)                You might also make \topmargin smaller:
(fancyhdr)                \addtolength{\topmargin}{-8.67203pt}.

[120]

LaTeX Warning: Hyper reference `PS1895' on page 121 undefined on input line 3097.


LaTeX Warning: Hyper reference `L1924' on page 121 undefined on input line 3125.




Package fancyhdr Warning: \headheight is too small (12.0pt): 
(fancyhdr)                Make it at least 20.67203pt, for example:
(fancyhdr)                \setlength{\headheight}{20.67203pt}.
(fancyhdr)                You might also make \topmargin smaller:
(fancyhdr)                \addtolength{\topmargin}{-8.67203pt}.

[121])


Package fancyhdr Warning: \headheight is too small (12.0pt): 
(fancyhdr)                Make it at least 20.67203pt, for example:
(fancyhdr)                \setlength{\headheight}{20.67203pt}.
(fancyhdr)                You might also make \topmargin smaller:
(fancyhdr)                \addtolength{\topmargin}{-8.67203pt}.

[122]

[123



]

[124] (./main.aux (./hodge-theory-i.aux) (./hodge-theory-ii.aux) (./hodge-theory-iii.aux))
 ***********
LaTeX2e <2025-06-01> patch level 1
L3 programming layer <2025-05-26>
 ***********


LaTeX Warning: There were undefined references.

Package rerunfilecheck Info: File `main.out' has not changed.
(rerunfilecheck)             Checksum: DAE0995BEC3DE6A166005E968E387645;9750.
Package logreq Info: Writing requests to 'main.run.xml'.
\openout1 = `main.run.xml'.

 ) 
Here is how much of TeX's memory you used:
 40235 strings out of 469867
 807806 string characters out of 5483848
 1543014 words of memory out of 5000000
 67137 multiletter control sequences out of 15000+600000
 756911 words of font info for 427 fonts, out of 8000000 for 9000
 14 hyphenation exceptions out of 8191
 107i,23n,110p,1888b,1711s stack positions out of 10000i,1000n,20000p,200000b,200000s
 </Users/tim/Library/TinyTeX/texmf-var/fonts/pk/ljfour/jknappen/ec/ectt1000.600pk></Users/tim/Library/TinyTeX/texmf-dist/fonts/type1/public/baskervaldx/Baskervaldx-Bol.pfb></Users/tim/Library/TinyTeX/texmf-dist/fonts/type1/public/baskervaldx/Baskervaldx-BolIta.pfb></Users/tim/Library/TinyTeX/texmf-dist/fonts/type1/public/baskervaldx/Baskervaldx-Ita.pfb></Users/tim/Library/TinyTeX/texmf-dist/fonts/type1/public/baskervaldx/Baskervaldx-Reg.pfb></Users/tim/Library/TinyTeX/texmf-dist/fonts/type1/public/esstix/ESSTIX13.pfb></Users/tim/Library/TinyTeX/texmf-dist/fonts/type1/public/amsfonts/cm/cmex10.pfb></Users/tim/Library/TinyTeX/texmf-dist/fonts/type1/public/amsfonts/cmextra/cmex7.pfb></Users/tim/Library/TinyTeX/texmf-dist/fonts/type1/public/amsfonts/cmextra/cmex9.pfb></Users/tim/Library/TinyTeX/texmf-dist/fonts/type1/public/amsfonts/cm/cmmi10.pfb></Users/tim/Library/TinyTeX/texmf-dist/fonts/type1/public/amsfonts/cm/cmmi5.pfb></Users/tim/Library/TinyTeX/texmf-dist/fonts/type1/public/amsfonts/cm/cmmi6.pfb></Users/tim/Library/TinyTeX/texmf-dist/fonts/type1/public/amsfonts/cm/cmmi7.pfb></Users/tim/Library/TinyTeX/texmf-dist/fonts/type1/public/amsfonts/cm/cmmi9.pfb></Users/tim/Library/TinyTeX/texmf-dist/fonts/type1/public/amsfonts/cm/cmr10.pfb></Users/tim/Library/TinyTeX/texmf-dist/fonts/type1/public/amsfonts/cm/cmr12.pfb></Users/tim/Library/TinyTeX/texmf-dist/fonts/type1/public/amsfonts/cm/cmr5.pfb></Users/tim/Library/TinyTeX/texmf-dist/fonts/type1/public/amsfonts/cm/cmr6.pfb></Users/tim/Library/TinyTeX/texmf-dist/fonts/type1/public/amsfonts/cm/cmr7.pfb></Users/tim/Library/TinyTeX/texmf-dist/fonts/type1/public/amsfonts/cm/cmr8.pfb></Users/tim/Library/TinyTeX/texmf-dist/fonts/type1/public/amsfonts/cm/cmr9.pfb></Users/tim/Library/TinyTeX/texmf-dist/fonts/type1/public/amsfonts/cm/cmss10.pfb></Users/tim/Library/TinyTeX/texmf-dist/fonts/type1/public/amsfonts/cm/cmss8.pfb></Users/tim/Library/TinyTeX/texmf-dist/fonts/type1/public/amsfonts/cm/cmsy10.pfb></Users/tim/Library/TinyTeX/texmf-dist/fonts/type1/public/amsfonts/cm/cmsy5.pfb></Users/tim/Library/TinyTeX/texmf-dist/fonts/type1/public/amsfonts/cm/cmsy6.pfb></Users/tim/Library/TinyTeX/texmf-dist/fonts/type1/public/amsfonts/cm/cmsy7.pfb></Users/tim/Library/TinyTeX/texmf-dist/fonts/type1/public/amsfonts/cm/cmsy9.pfb></Users/tim/Library/TinyTeX/texmf-dist/fonts/type1/public/amsfonts/symbols/msam10.pfb></Users/tim/Library/TinyTeX/texmf-dist/fonts/type1/public/amsfonts/symbols/msam7.pfb></Users/tim/Library/TinyTeX/texmf-dist/fonts/type1/public/amsfonts/symbols/msbm10.pfb></Users/tim/Library/TinyTeX/texmf-dist/fonts/type1/public/amsfonts/symbols/msbm7.pfb></Users/tim/Library/TinyTeX/texmf-dist/fonts/type1/public/rsfs/rsfs10.pfb>
Output written on main.pdf (128 pages, 951189 bytes).
PDF statistics:
 1964 PDF objects out of 2073 (max. 8388607)
 1724 compressed objects within 18 object streams
 360 named destinations out of 1000 (max. 500000)
 84957 words of extra memory for PDF output out of 89155 (max. 10000000)

